"trans","plot","spcode","Plant.ID","mean.dam","n.leaves.mar","n.dam.mar","trans.type","EG.adult","SP.adult","PHAaqu","Avena","BD","BH","FESper","BROste","FESmyu","BRAdis","AVEfat","mean.dam.apr","n.leaves.apr","n.dam.apr","Seed.estimate","zseeds","zdam.mar","zdam.apr","fungus.id"
"1","A","SP","A860",0.0166666666666667,6,2,"STPU",0,9,0,6.666666667,0,6.666666667,0,0,0,0,4.444444444,0.00533333333333333,6,5,26,-0.711358206337642,-0.17188891100987,-0.874073007866089,"AN"
"1","A","SP","A861",0.0133333333333333,6,4,"STPU",0,9,0,6.666666667,0,6.666666667,0,0,0,0,4.444444444,0.0218333333333333,6,6,40,-0.656595701101389,-0.333448596242568,0.160659814906715,NA
"1","A","SP","A862",0.01,6,2,"STPU",0,9,0,6.666666667,0,6.666666667,0,0,0,0,4.444444444,0.0185,6,3,NA,NA,-0.495008281475266,-0.0483771189867803,"AN"
"2","C","AB","AB007",0,4,0,"PHAQ",0,4,4,70,0,81.66666667,0,0,0,202.2222222,0,0.12525,4,2,8,0.247358506387331,-0.581966696157535,0.42435149611113,NA
"2","C","AB","AB008",0,3,0,"PHAQ",0,4,4,70,0,81.66666667,0,0,0,202.2222222,0,0,5,0,14,1.24417636794822,-0.581966696157535,-0.602871386068693,NA
"2","C","AB","AB009",0.00183333333333333,6,2,"PHAQ",0,4,4,70,0,81.66666667,0,0,0,202.2222222,0,0.017,3,2,8,0.247358506387331,-0.502066712910621,-0.46344792102233,NA
"2","D","AB","AB015",0.0025,4,1,"PHAQ",0,4,3,30.55555556,0,183.3333333,0,0,0,0,0,NA,NA,NA,13,1.07804005768807,-0.473012173548107,NA,NA
"2","D","AB","AB016",0.0851666666666667,6,3,"PHAQ",0,4,3,30.55555556,0,183.3333333,0,0,0,0,0,NA,NA,NA,10,0.579631126907627,3.12975070740365,NA,NA
"2","D","AB","AB017",0.0101666666666667,6,3,"PHAQ",0,4,3,30.55555556,0,183.3333333,0,0,0,0,0,NA,NA,NA,0,-1.08173197569385,-0.138884970879195,NA,NA
"2","E","AB","AB021",0.000333333333333333,3,1,"PHAQ",0,10,0,26.66666667,11.11111111,63.88888889,0,0,0,0,40,0,3,0,6,-0.0849141141329645,-0.567439426476278,-0.602871386068693,NA
"2","E","AB","AB022",0.00075,4,3,"PHAQ",0,10,0,26.66666667,11.11111111,63.88888889,0,0,0,0,40,0.005,4,2,8,0.247358506387331,-0.549280339374707,-0.561864484584468,"A"
"2","E","AB","AB023",0.00366666666666667,6,4,"PHAQ",0,10,0,26.66666667,11.11111111,63.88888889,0,0,0,0,40,0.0022,5,2,16,1.57644898846852,-0.422166729663707,-0.584828349415634,NA
"1","B","AB","AB027",0,6,0,"STPU",0,14,0,0,0,53.33333333,0,0,0,0,0,NA,NA,NA,6,-0.0849141141329645,-0.581966696157535,NA,NA
"1","B","AB","AB028",0.003,4,3,"STPU",0,14,0,0,0,53.33333333,0,0,0,0,0,NA,NA,NA,6,-0.0849141141329645,-0.451221269026222,NA,NA
"1","B","AB","AB029",0.00183333333333333,6,2,"STPU",0,14,0,0,0,53.33333333,0,0,0,0,0,NA,NA,NA,14,1.24417636794822,-0.502066712910621,NA,NA
"1","C","AB","AB039",0.00883333333333333,6,4,"STPU",0,8,0,0,0,275,0,0,0,0,0,0.002,6,3,14,1.24417636794822,-0.196994049604223,-0.586468625475003,"C"
"1","C","AB","AB040",0,2,0,"STPU",0,8,0,0,0,275,0,0,0,0,0,0,4,0,0,-1.08173197569385,-0.581966696157535,-0.602871386068693,NA
"1","C","AB","AB041",0.000166666666666667,6,1,"STPU",0,8,0,0,0,275,0,0,0,0,0,0.0416666666666667,6,1,13,1.07804005768807,-0.574703061316907,-0.261147207033489,"C"
"1","E","AB","AB044",0.00166666666666667,6,1,"STPU",0,1,0,75.77777778,0,116.1111111,0,0,0,0,113.6666667,0.0101666666666667,6,3,8,0.247358506387331,-0.50933034775125,-0.519490686384103,NA
"1","E","AB","AB045",0,3,0,"STPU",0,1,0,75.77777778,0,116.1111111,0,0,0,0,113.6666667,NA,NA,NA,NA,NA,-0.581966696157535,NA,NA
"1","E","AB","AB046",0.00333333333333333,3,1,"STPU",0,1,0,75.77777778,0,116.1111111,0,0,0,0,113.6666667,NA,NA,NA,8,0.247358506387331,-0.436693999344965,NA,NA
"6","B","AB","AB115",0.0433333333333333,6,2,"ELGL",6,2,0,83.33333333,5.555555556,388.8888889,0,0,0,0,0,NA,NA,NA,11,0.745767437167775,1.30657836240588,NA,NA
"6","B","AB","AB116",0.00366666666666667,3,2,"ELGL",6,2,0,83.33333333,5.555555556,388.8888889,0,0,0,0,0,NA,NA,NA,10,0.579631126907627,-0.422166729663707,NA,NA
"6","B","AB","AB117",0.000333333333333333,3,1,"ELGL",6,2,0,83.33333333,5.555555556,388.8888889,0,0,0,0,0,NA,NA,NA,4,-0.41718673465326,-0.567439426476278,NA,NA
"6","C","AB","AB121",0.0185,6,3,"ELGL",7,2,0,77.77777778,31.11111111,443.3333333,0,0,0,0,0,0.0833333333333333,6,1,30,3.90235733211059,0.224296771152233,0.0805769720017149,NA
"6","D","AB","AB123",0.0168333333333333,6,2,"ELGL",3,4,0,122.2222222,18.33333333,409.4444444,0,0,0,0,0,NA,NA,NA,0,-1.08173197569385,0.151660422745947,NA,NA
"6","D","AB","AB124",0.00166666666666667,6,1,"ELGL",3,4,0,122.2222222,18.33333333,409.4444444,0,0,0,0,0,NA,NA,NA,6,-0.0849141141329645,-0.50933034775125,NA,NA
"6","E","AB","AB133",0,2,0,"ELGL",1,0,1,264.4444444,37.77777778,377.7777778,0,0,0,0,0,NA,NA,NA,0,-1.08173197569385,-0.581966696157535,NA,NA
"6","E","AB","AB135",0.000666666666666667,3,2,"ELGL",1,0,1,264.4444444,37.77777778,377.7777778,0,0,0,0,0,0.2505,2,2,0,-1.08173197569385,-0.552912156795021,1.45157437829095,"G"
"6","D","AB","AB136",0.005,2,1,"ELGL",3,4,0,122.2222222,18.33333333,409.4444444,0,0,0,0,0,NA,NA,NA,0,-1.08173197569385,-0.364057650938679,NA,NA
"6","C","AB","AB137",0.075,4,2,"ELGL",7,2,0,77.77777778,31.11111111,443.3333333,0,0,0,0,0,0.015,4,2,4,-0.41718673465326,2.68666898212531,-0.479850681616019,"C"
"6","C","AB","AB141",0.0171666666666667,6,4,"ELGL",7,2,0,77.77777778,31.11111111,443.3333333,0,0,0,0,0,NA,NA,NA,0,-1.08173197569385,0.166187692427204,NA,NA
"5","B","AB","AB165",0.15,2,2,"ELGL",4,0,0,76.44444444,186.6666667,511.1111111,0,0,0,0,19.11111111,NA,NA,NA,NA,NA,5.95530466040815,NA,NA
"5","B","AB","AB166",0.0202,5,3,"ELGL",4,0,0,76.44444444,186.6666667,511.1111111,0,0,0,0,19.11111111,NA,NA,NA,20,2.24099422950911,0.298385846526643,NA,NA
"5","B","AB","AB167",0.0022,5,2,"ELGL",4,0,0,76.44444444,186.6666667,511.1111111,0,0,0,0,19.11111111,NA,NA,NA,NA,NA,-0.486086716261239,NA,NA
"5","C","AB","AB181",0.0351666666666667,6,4,"ELGL",5,0,0,30.22222222,18.88888889,122.7777778,0,0,0,0,120.8888889,0.00833333333333333,6,1,12,0.911903747427923,0.950660255215086,-0.534526550261652,NA
"3","B","AB","AB199",0.0183333333333333,6,2,"STPU",0,4,0,104,0,26.66666667,0,0,0,857.7777778,69.33333333,NA,NA,NA,11,0.745767437167775,0.217033136311604,NA,NA
"3","B","AB","AB203",0.0168333333333333,6,3,"STPU",0,4,0,104,0,26.66666667,0,0,0,857.7777778,69.33333333,NA,NA,NA,2,-0.749459355173556,0.151660422745947,NA,NA
"3","B","AB","AB204",0.00183333333333333,6,2,"STPU",0,4,0,104,0,26.66666667,0,0,0,857.7777778,69.33333333,NA,NA,NA,NA,NA,-0.502066712910621,NA,NA
"3","C","AB","AB209",0.0025,4,1,"STPU",0,6,0,63.55555556,0,42.77777778,0,0,0,421.6666667,95.33333333,NA,NA,NA,1,-0.915595665433704,-0.473012173548107,NA,NA
"3","C","AB","AB210",5e-04,4,2,"STPU",0,6,0,63.55555556,0,42.77777778,0,0,0,421.6666667,95.33333333,NA,NA,NA,NA,NA,-0.56017579163565,NA,"A"
"3","C","AB","AB211",0.0402,5,4,"STPU",0,6,0,63.55555556,0,42.77777778,0,0,0,421.6666667,95.33333333,0.0505,2,2,NA,NA,1.17002202740207,-0.188701681078026,NA
"3","E","AB","AB212",0.000333333333333333,3,1,"STPU",0,1,0,110.6666667,44.44444444,148.8888889,0,0,0,271.1111111,73.77777778,0.125,2,1,10,0.579631126907627,-0.567439426476278,0.422301151036919,NA
"6","A","AB","AB226",5e-04,2,1,"ELGL",7,1,0,130,57.77777778,274.4444444,0,0,115.5555556,0,0,0.5,1,1,2,-0.749459355173556,-0.56017579163565,3.49781876235375,NA
"6","A","AB","AB227",0.0203333333333333,3,3,"ELGL",7,1,0,130,57.77777778,274.4444444,0,0,115.5555556,0,0,0.00025,4,1,14,1.24417636794822,0.304196754399146,-0.600821040994481,NA
"6","A","AB","AB228",0.0055,2,2,"ELGL",7,1,0,130,57.77777778,274.4444444,0,0,115.5555556,0,0,NA,NA,NA,0,-1.08173197569385,-0.342266746416794,NA,NA
"3","E","AB","AB232",0,3,0,"STPU",0,1,0,110.6666667,44.44444444,148.8888889,0,0,0,271.1111111,73.77777778,NA,NA,NA,4,-0.41718673465326,-0.581966696157535,NA,NA
"3","E","AB","AB245",0.0336666666666667,3,2,"STPU",0,1,0,110.6666667,44.44444444,148.8888889,0,0,0,271.1111111,73.77777778,0.005,2,1,12,0.911903747427923,0.885287541649429,-0.561864484584468,NA
"7","C","AB","AB258",0.01,6,2,"PHAQ",1,0,3,0,0,141.6666667,0,0,0,0,0,NA,NA,NA,NA,NA,-0.146148605719823,NA,NA
"7","D","AB","AB263",0.00366666666666667,3,2,"PHAQ",0,0,5,0,0,313.3333333,0,0,0,0,0,NA,NA,NA,NA,NA,-0.422166729663707,NA,NA
"4","A","AB","AB267",0.01525,4,3,"STPU",0,7,0,0,4.444444444,248.8888889,0,0,0,0,115.5555556,0.336666666666667,3,3,0,-1.08173197569385,0.0826558917599759,2.15825998053575,NA
"7","D","AB","AB268",0.000666666666666667,6,4,"PHAQ",0,0,5,0,0,313.3333333,0,0,0,0,0,NA,NA,NA,NA,NA,-0.552912156795021,NA,NA
"7","E","AB","AB271",0.0122,5,3,"PHAQ",0,0,2,119,0,661.1111111,0,0,0,0,79.33333333,0.000166666666666667,6,1,10,0.579631126907627,-0.0502686258235264,-0.601504489352552,"A"
"7","E","AB","AB272",0.00366666666666667,3,2,"PHAQ",0,0,2,119,0,661.1111111,0,0,0,0,79.33333333,NA,NA,NA,2,-0.749459355173556,-0.422166729663707,NA,NA
"4","A","AB","AB273",0.000333333333333333,6,2,"STPU",0,7,0,0,4.444444444,248.8888889,0,0,0,0,115.5555556,0.017,3,2,11,0.745767437167775,-0.567439426476278,-0.46344792102233,NA
"4","A","AB","AB274",0.000666666666666667,3,2,"STPU",0,7,0,0,4.444444444,248.8888889,0,0,0,0,115.5555556,NA,NA,NA,3,-0.583323044913408,-0.552912156795021,NA,NA
"7","E","AB","AB277",0.000333333333333333,3,1,"PHAQ",0,0,2,119,0,661.1111111,0,0,0,0,79.33333333,0.005,2,1,3,-0.583323044913408,-0.567439426476278,-0.561864484584468,"G"
"4","B","AB","AB280",0.00666666666666667,3,2,"STPU",0,6,0,21.33333333,0,66.66666667,0,0,0,506.6666667,32,NA,NA,NA,11,0.745767437167775,-0.291421302532394,NA,NA
"4","B","AB","AB285",0.001,3,3,"STPU",0,6,0,21.33333333,0,66.66666667,0,0,0,506.6666667,32,NA,NA,NA,0,-1.08173197569385,-0.538384887113764,NA,NA
"4","B","AB","AB286",0.017,3,2,"STPU",0,6,0,21.33333333,0,66.66666667,0,0,0,506.6666667,32,NA,NA,NA,0,-1.08173197569385,0.158924057586576,NA,NA
"4","C","AB","AB287",0.0524,5,4,"STPU",0,7,0,7.222222222,11.11111111,297.2222222,0,0,0,0,28.88888889,0.5,1,1,10,0.579631126907627,1.70172009773608,3.49781876235375,NA
"4","C","AB","AB288",0.0203333333333333,6,5,"STPU",0,7,0,7.222222222,11.11111111,297.2222222,0,0,0,0,28.88888889,0.06275,4,2,0,-1.08173197569385,0.304196754399146,-0.0882347724416759,"AL"
"4","C","AB","AB294",0.01,5,1,"STPU",0,7,0,7.222222222,11.11111111,297.2222222,0,0,0,0,28.88888889,0.0503333333333333,3,3,5,-0.251050424393112,-0.146148605719823,-0.190068577794167,NA
"8","D","AB","AB297",0.013,4,3,"ELGL",5,4,0,8,6.666666667,3.333333333,80,46.66666667,0,0,48.66666667,NA,NA,NA,0,-1.08173197569385,-0.0154031785885093,NA,NA
"8","B","AB","AB301",0.00366666666666667,3,2,"ELGL",8,0,0,0,0,70,46.66666667,0,0,0,0,NA,NA,NA,8,0.247358506387331,-0.422166729663707,NA,NA
"4","D","AB","AB302",0.01275,4,2,"STPU",0,2,0,0,38.88888889,840,0,0,0,0,54.44444444,NA,NA,NA,8,0.247358506387331,-0.0262986308494522,NA,NA
"4","D","AB","AB316",0.025,2,1,"STPU",0,2,0,0,38.88888889,840,0,0,0,0,54.44444444,NA,NA,NA,0,-1.08173197569385,0.507578529936745,NA,NA
"7","C","AB","AB317",0.000166666666666667,6,1,"PHAQ",1,0,3,0,0,141.6666667,0,0,0,0,0,0.0085,6,2,18,1.90872160898881,-0.574703061316907,-0.533159653545511,NA
"4","D","AB","AB324",0.0125,4,1,"STPU",0,2,0,0,38.88888889,840,0,0,0,0,54.44444444,NA,NA,NA,3,-0.583323044913408,-0.0371940831103949,NA,NA
"8","E","AB","AB329",0.00525,4,3,"ELGL",1,0,0,94.44444444,37.77777778,170,0,0,0,0,0,5e-04,2,1,8,0.247358506387331,-0.353162198677736,-0.59877069592027,NA
"8","D","AB","AB330",0.01275,4,2,"ELGL",5,4,0,8,6.666666667,3.333333333,80,46.66666667,0,0,48.66666667,NA,NA,NA,6,-0.0849141141329645,-0.0262986308494522,NA,NA
"8","D","AB","AB332",0.000666666666666667,3,2,"ELGL",5,4,0,8,6.666666667,3.333333333,80,46.66666667,0,0,48.66666667,NA,NA,NA,7,0.0812221961271835,-0.552912156795021,NA,NA
"4","E","AB","AB338",0.000333333333333333,3,1,"STPU",0,1,0,0,471.1111111,382.2222222,0,0,0,0,62.22222222,0,1,0,2,-0.749459355173556,-0.567439426476278,-0.602871386068693,NA
"4","E","AB","AB339",0.0366666666666667,3,2,"STPU",0,1,0,0,471.1111111,382.2222222,0,0,0,0,62.22222222,0.0505,2,2,4,-0.41718673465326,1.01603296878074,-0.188701681078026,NA
"8","B","AB","AB342",0.05,2,1,"ELGL",8,0,0,0,0,70,46.66666667,0,0,0,0,NA,NA,NA,6,-0.0849141141329645,1.59712375603103,NA,NA
"8","B","AB","AB344",0.013,2,2,"ELGL",8,0,0,0,0,70,46.66666667,0,0,0,0,NA,NA,NA,5,-0.251050424393112,-0.0154031785885093,NA,NA
"4","E","AB","AB346",0.003,4,3,"STPU",0,1,0,0,471.1111111,382.2222222,0,0,0,0,62.22222222,0.19,4,2,1,-0.915595665433704,-0.451221269026222,0.955390870331836,NA
"10","E","AB","AB378",0.00366666666666667,3,2,"PHAQ",0,2,2,50,83.33333333,146.6666667,220,0,0,0,0,NA,NA,NA,0,-1.08173197569385,-0.422166729663707,NA,NA
"9","D","AB","AB379",0.0035,6,3,"PHAQ",0,0,3,0.277777778,0,102.7777778,0,0,0,0,2.5,NA,NA,NA,NA,NA,-0.429430364504336,NA,NA
"9","E","AB","AB388",0.00333333333333333,3,1,"PHAQ",0,2,2,95.55555556,0,60,0,0,0,0,0,NA,NA,NA,NA,NA,-0.436693999344965,NA,NA
"9","E","AB","AB397",0.000333333333333333,3,1,"PHAQ",0,2,2,95.55555556,0,60,0,0,0,0,0,0.1,2,2,6,-0.0849141141329645,-0.567439426476278,0.217266643615796,NA
"9","E","AB","AB398",0.02775,4,3,"PHAQ",0,2,2,95.55555556,0,60,0,0,0,0,0,0.1,2,2,6,-0.0849141141329645,0.627428504807116,0.217266643615796,NA
"10","D","AB","AB401",0.014,5,3,"PHAQ",0,0,5,0,13.33333333,140,60,0,0,0,10,NA,NA,NA,10,0.579631126907627,0.0281786304552618,NA,NA
"10","E","AB","AB407",0.00525,4,3,"PHAQ",0,2,2,50,83.33333333,146.6666667,220,0,0,0,0,NA,NA,NA,0,-1.08173197569385,-0.353162198677736,NA,NA
"10","E","AB","AB408",0.00333333333333333,3,1,"PHAQ",0,2,2,50,83.33333333,146.6666667,220,0,0,0,0,NA,NA,NA,0,-1.08173197569385,-0.436693999344965,NA,NA
"10","D","AB","AB410",0.00183333333333333,6,2,"PHAQ",0,0,5,0,13.33333333,140,60,0,0,0,10,NA,NA,NA,10,0.579631126907627,-0.502066712910621,NA,NA
"9","D","AB","AB411",0.000666666666666667,3,2,"PHAQ",0,0,3,0.277777778,0,102.7777778,0,0,0,0,2.5,NA,NA,NA,0,-1.08173197569385,-0.552912156795021,NA,NA
"8","E","AB","AB416",0.00366666666666667,6,4,"ELGL",1,0,0,94.44444444,37.77777778,170,0,0,0,0,0,5e-04,2,1,14,1.24417636794822,-0.422166729663707,-0.59877069592027,"AL"
"10","D","AB","AB420",0.0255,4,4,"PHAQ",0,0,5,0,13.33333333,140,60,0,0,0,10,NA,NA,NA,0,-1.08173197569385,0.529369434458631,NA,NA
"8","E","AB","AB425",0.0026,5,4,"ELGL",1,0,0,94.44444444,37.77777778,170,0,0,0,0,0,0.1375,4,2,0,-1.08173197569385,-0.46865399264373,0.52481840474748,NA
"9","D","AB","AB449",0.00275,4,2,"PHAQ",0,0,3,0.277777778,0,102.7777778,0,0,0,0,2.5,NA,NA,NA,NA,NA,-0.462116721287164,NA,NA
"6","B","BD","BD114",0,3,0,"ELGL",6,2,0,83.33333333,5.555555556,388.8888889,0,0,0,0,0,NA,NA,NA,8,-0.308957775628158,-0.374500149502482,NA,NA
"6","C","BD","BD118",0.025,4,1,"ELGL",7,2,0,77.77777778,31.11111111,443.3333333,0,0,0,0,0,0.01,1,1,13,0.0757129726835801,1.40371564499501,-0.279492335602217,NA
"6","C","BD","BD119",0.0025,4,1,"ELGL",7,2,0,77.77777778,31.11111111,443.3333333,0,0,0,0,0,0.0505,2,2,15,0.229581272008275,-0.196678570052732,0.287858622014257,"C"
"6","C","BD","BD120",0,3,0,"ELGL",7,2,0,77.77777778,31.11111111,443.3333333,0,0,0,0,0,0.001,1,1,6,-0.462826074952853,-0.374500149502482,-0.405570326183656,NA
"6","D","BD","BD125",0.02525,4,2,"ELGL",3,4,0,122.2222222,18.33333333,409.4444444,0,0,0,0,0,NA,NA,NA,7,-0.385891925290505,1.42149780293999,NA,NA
"6","D","BD","BD126",0.000333333333333333,3,1,"ELGL",3,4,0,122.2222222,18.33333333,409.4444444,0,0,0,0,0,NA,NA,NA,8,-0.308957775628158,-0.350790605575848,NA,NA
"5","C","BH","BD129",0.00866666666666667,6,3,"ELGL",5,0,0,30.22222222,18.88888889,122.7777778,0,0,0,0,120.8888889,0,2,0,20,1.11458497989408,-0.224560577389847,-0.481481861093103,NA
"6","D","BD","BD134",0,3,0,"ELGL",3,4,0,122.2222222,18.33333333,409.4444444,0,0,0,0,0,NA,NA,NA,7,-0.385891925290505,-0.374500149502482,NA,NA
"6","B","BD","BD145",5e-04,2,1,"ELGL",6,2,0,83.33333333,5.555555556,388.8888889,0,0,0,0,0,NA,NA,NA,2,-0.770562673602243,-0.338935833612532,NA,NA
"6","B","BD","BD146",0,2,0,"ELGL",6,2,0,83.33333333,5.555555556,388.8888889,0,0,0,0,0,NA,NA,NA,0,-0.924430972926938,-0.374500149502482,NA,NA
"5","A","BD","BD151",0.00025,4,1,"ELGL",7,0,0,9.333333333,443.3333333,23.33333333,0,0,0,0,14,0,3,0,13,0.0757129726835801,-0.356717991557507,-0.419578991803816,NA
"5","A","BD","BD152",0,5,0,"ELGL",7,0,0,9.333333333,443.3333333,23.33333333,0,0,0,0,14,0.001,1,1,NA,NA,-0.374500149502482,-0.405570326183656,"H"
"5","A","BD","BD153",0.000333333333333333,3,1,"ELGL",7,0,0,9.333333333,443.3333333,23.33333333,0,0,0,0,14,NA,NA,NA,NA,NA,-0.350790605575848,NA,NA
"5","B","BD","BD163",0.0025,4,1,"ELGL",4,0,0,76.44444444,186.6666667,511.1111111,0,0,0,0,19.11111111,NA,NA,NA,NA,NA,-0.196678570052732,NA,NA
"5","B","BD","BD164",0,3,0,"ELGL",4,0,0,76.44444444,186.6666667,511.1111111,0,0,0,0,19.11111111,NA,NA,NA,12,-0.00122117697876742,-0.374500149502482,NA,NA
"5","B","BD","BD168",0.00075,4,3,"ELGL",4,0,0,76.44444444,186.6666667,511.1111111,0,0,0,0,19.11111111,NA,NA,NA,NA,NA,-0.321153675667557,NA,NA
"5","C","BD","BD178",0.0025,4,1,"ELGL",5,0,0,30.22222222,18.88888889,122.7777778,0,0,0,0,120.8888889,NA,NA,NA,64,3.99935460546331,-0.196678570052732,NA,NA
"5","C","BH","BD180",0.0833333333333333,3,1,"ELGL",5,0,0,30.22222222,18.88888889,122.7777778,0,0,0,0,120.8888889,0.05,1,1,22,1.32504611289913,0.902738816263499,0.226001689900844,NA
"5","E","BH","BD193",0.00333333333333333,3,1,"ELGL",2,0,0,180,60,1120,0,0,0,0,270,0.005,2,1,21,1.21981554639661,-0.3050819626508,-0.410733505993708,NA
"5","E","BD","BD194",0.000333333333333333,3,1,"ELGL",2,0,0,180,60,1120,0,0,0,0,270,0,1,0,0,-0.924430972926938,-0.350790605575848,-0.419578991803816,NA
"5","E","BD","BD195",5e-04,4,2,"ELGL",2,0,0,180,60,1120,0,0,0,0,270,NA,NA,NA,0,-0.924430972926938,-0.338935833612532,NA,NA
"3","B","BD","BD205",0,3,0,"STPU",0,4,0,104,0,26.66666667,0,0,0,857.7777778,69.33333333,NA,NA,NA,6,-0.462826074952853,-0.374500149502482,NA,NA
"3","B","BD","BD206",0,3,0,"STPU",0,4,0,104,0,26.66666667,0,0,0,857.7777778,69.33333333,NA,NA,NA,6,-0.462826074952853,-0.374500149502482,NA,NA
"3","B","BD","BD207",0.000666666666666667,3,2,"STPU",0,4,0,104,0,26.66666667,0,0,0,857.7777778,69.33333333,NA,NA,NA,4,-0.616694374277548,-0.327081061649215,NA,NA
"3","D","BD","BD214",0,3,0,"STPU",0,7,0,31.77777778,0,72.22222222,0,0,0,541.6666667,127.1111111,NA,NA,NA,NA,NA,-0.374500149502482,NA,NA
"3","D","BD","BD215",0.000333333333333333,3,1,"STPU",0,7,0,31.77777778,0,72.22222222,0,0,0,541.6666667,127.1111111,NA,NA,NA,3,-0.693628523939895,-0.350790605575848,NA,NA
"3","D","BD","BD216",0,4,0,"STPU",0,7,0,31.77777778,0,72.22222222,0,0,0,541.6666667,127.1111111,NA,NA,NA,NA,NA,-0.374500149502482,NA,NA
"6","A","BD","BD229",0.00275,4,2,"ELGL",7,1,0,130,57.77777778,274.4444444,0,0,115.5555556,0,0,0.01,1,1,14,0.152647122345928,-0.178896412107757,-0.279492335602217,"B"
"6","A","BD","BD238",0.000333333333333333,3,1,"ELGL",7,1,0,130,57.77777778,274.4444444,0,0,115.5555556,0,0,NA,NA,NA,0,-0.924430972926938,-0.350790605575848,NA,NA
"3","E","BD","BD241",0,4,0,"STPU",0,1,0,110.6666667,44.44444444,148.8888889,0,0,0,271.1111111,73.77777778,NA,NA,NA,2,-0.770562673602243,-0.374500149502482,NA,NA
"3","E","BD","BD242",0,4,0,"STPU",0,1,0,110.6666667,44.44444444,148.8888889,0,0,0,271.1111111,73.77777778,0.001,1,1,10,-0.155089476303463,-0.374500149502482,-0.405570326183656,NA
"3","E","BD","BD243",0.0022,5,2,"STPU",0,1,0,110.6666667,44.44444444,148.8888889,0,0,0,271.1111111,73.77777778,0.001,1,1,17,0.38344957133297,-0.218017159586702,-0.405570326183656,"AL"
"6","A","BD","BD251",0.00666666666666667,3,2,"ELGL",7,1,0,130,57.77777778,274.4444444,0,0,115.5555556,0,0,0.001,1,1,6,-0.462826074952853,0.099690729030184,-0.405570326183656,NA
"4","C","BD","BD289",5e-04,4,2,"STPU",0,7,0,7.222222222,11.11111111,297.2222222,0,0,0,0,28.88888889,0.001,1,1,10,-0.155089476303463,-0.338935833612532,-0.405570326183656,"AL"
"4","B","BD","BD292",0.0275,4,2,"STPU",0,6,0,21.33333333,0,66.66666667,0,0,0,506.6666667,32,NA,NA,NA,0,-0.924430972926938,1.58153722444476,NA,NA
"8","C","BD","BD299",0.0024,5,3,"ELGL",6,4,0,0,253.3333333,53.33333333,0,0,0,0,0,0.001,2,2,12,-0.00122117697876742,-0.203791433230722,-0.405570326183656,NA
"4","C","BD","BD300",0.000166666666666667,6,1,"STPU",0,7,0,7.222222222,11.11111111,297.2222222,0,0,0,0,28.88888889,0.005,2,1,11,-0.078155326641115,-0.362645377539165,-0.349535663703017,"C"
"8","A","BD","BD303",0.00025,4,1,"ELGL",7,4,0,0,0,28.88888889,0,0,0,0,0,0.25,1,1,12,-0.00122117697876742,-0.356717991557507,3.08258741323615,NA
"4","E","BD","BD304",0.000333333333333333,3,1,"STPU",0,1,0,0,471.1111111,382.2222222,0,0,0,0,62.22222222,0.2505,2,2,28,1.22972521761879,-0.350790605575848,3.08959174604623,NA
"4","E","BD","BD305",0.000333333333333333,3,1,"STPU",0,1,0,0,471.1111111,382.2222222,0,0,0,0,62.22222222,0.1,1,1,17,0.38344957133297,-0.350790605575848,0.981287570212171,"C"
"4","E","BD","BD306",0.0833333333333333,3,1,"STPU",0,1,0,0,471.1111111,382.2222222,0,0,0,0,62.22222222,NA,NA,NA,0,-0.924430972926938,5.55288583215584,NA,NA
"7","B","BD","BD308",0.0625,4,1,"PHAQ",0,0,5,0,0,2.222222222,0,131.1111111,0,0,0,NA,NA,NA,21,0.69118616998236,4.07103933674126,NA,NA
"4","D","BD","BD310",0.00025,4,1,"STPU",0,2,0,0,38.88888889,840,0,0,0,0,54.44444444,NA,NA,NA,8,-0.308957775628158,-0.356717991557507,NA,NA
"4","D","BD","BD311",0,1,0,"STPU",0,2,0,0,38.88888889,840,0,0,0,0,54.44444444,NA,NA,NA,2,-0.770562673602243,-0.374500149502482,NA,NA
"4","D","BD","BD312",0.0025,4,1,"STPU",0,2,0,0,38.88888889,840,0,0,0,0,54.44444444,NA,NA,NA,0,-0.924430972926938,-0.196678570052732,NA,NA
"7","B","BD","BD318",0,3,0,"PHAQ",0,0,5,0,0,2.222222222,0,131.1111111,0,0,0,NA,NA,NA,23,0.845054469307056,-0.374500149502482,NA,NA
"4","C","BD","BD319",0.0125,4,1,"STPU",0,7,0,7.222222222,11.11111111,297.2222222,0,0,0,0,28.88888889,0,1,0,9,-0.23202362596581,0.514607747746266,-0.419578991803816,NA
"7","B","BD","BD322",0,4,0,"PHAQ",0,0,5,0,0,2.222222222,0,131.1111111,0,0,0,NA,NA,NA,28,1.22972521761879,-0.374500149502482,NA,NA
"8","D","BD","BD326",0.00025,4,1,"ELGL",5,4,0,8,6.666666667,3.333333333,80,46.66666667,0,0,48.66666667,NA,NA,NA,NA,NA,-0.356717991557507,NA,NA
"8","A","BD","BD334",0.0375,4,2,"ELGL",7,4,0,0,0,28.88888889,0,0,0,0,0,0,1,0,14,0.152647122345928,2.29282354224376,-0.419578991803816,NA
"8","C","BD","BD335",0.004,3,3,"ELGL",6,4,0,0,253.3333333,53.33333333,0,0,0,0,0,NA,NA,NA,39,2.07600086390462,-0.0899856223828822,NA,NA
"8","C","BD","BD336",0.000666666666666667,3,2,"ELGL",6,4,0,0,253.3333333,53.33333333,0,0,0,0,0,NA,NA,NA,7,-0.385891925290505,-0.327081061649215,NA,NA
"8","B","BD","BD343",0.000333333333333333,3,1,"ELGL",8,0,0,0,0,70,46.66666667,0,0,0,0,NA,NA,NA,16,0.306515421670623,-0.350790605575848,NA,NA
"8","A","BD","BD345",0.004,5,2,"ELGL",7,4,0,0,0,28.88888889,0,0,0,0,0,0.001,1,1,25,0.998922768631751,-0.0899856223828822,-0.405570326183656,NA
"8","B","BD","BD347",0,3,0,"ELGL",8,0,0,0,0,70,46.66666667,0,0,0,0,NA,NA,NA,24,0.921988618969403,-0.374500149502482,NA,NA
"8","D","BD","BD349",5e-04,4,2,"ELGL",5,4,0,8,6.666666667,3.333333333,80,46.66666667,0,0,48.66666667,NA,NA,NA,NA,NA,-0.338935833612532,NA,NA
"8","D","BD","BD350",0.00275,4,2,"ELGL",5,4,0,8,6.666666667,3.333333333,80,46.66666667,0,0,48.66666667,NA,NA,NA,30,1.38359351694349,-0.178896412107757,NA,NA
"10","C","BD","BD362",5e-04,2,1,"PHAQ",0,0,3,0,1.666666667,18.33333333,45,0,0,0,0,NA,NA,NA,0,-0.924430972926938,-0.338935833612532,NA,NA
"9","E","BD","BD368",0.00025,4,1,"PHAQ",0,2,2,95.55555556,0,60,0,0,0,0,0,0.001,1,1,8,-0.308957775628158,-0.356717991557507,-0.405570326183656,NA
"10","C","BD","BD371",0.0188333333333333,6,5,"PHAQ",0,0,3,0,1.666666667,18.33333333,45,0,0,0,0,0.0085,6,2,0,-0.924430972926938,0.965089082352299,-0.300505334032457,NA
"10","D","BD","BD392",0.000333333333333333,6,2,"PHAQ",0,0,5,0,13.33333333,140,60,0,0,0,10,NA,NA,NA,0,-0.924430972926938,-0.350790605575848,NA,NA
"10","E","BD","BD400",0,4,0,"PHAQ",0,2,2,50,83.33333333,146.6666667,220,0,0,0,0,0,2,0,8,-0.308957775628158,-0.374500149502482,-0.419578991803816,NA
"9","D","BD","BD405",2e-04,5,1,"PHAQ",0,0,3,0.277777778,0,102.7777778,0,0,0,0,2.5,NA,NA,NA,32,1.53746181626818,-0.360274423146502,NA,NA
"10","E","BD","BD418",0.002,6,3,"PHAQ",0,2,2,50,83.33333333,146.6666667,220,0,0,0,0,0.000333333333333333,3,1,14,0.152647122345928,-0.232242885942682,-0.414909436597096,NA
"10","E","BD","BD419",2e-04,5,1,"PHAQ",0,2,2,50,83.33333333,146.6666667,220,0,0,0,0,NA,NA,NA,9,-0.23202362596581,-0.360274423146502,NA,NA
"9","D","BD","BD421",0.0416666666666667,6,1,"PHAQ",0,0,3,0.277777778,0,102.7777778,0,0,0,0,2.5,NA,NA,NA,60,3.69161800681392,2.58919284132668,NA,NA
"10","D","BD","BD423",2e-04,5,1,"PHAQ",0,0,5,0,13.33333333,140,60,0,0,0,10,NA,NA,NA,14,0.152647122345928,-0.360274423146502,NA,NA
"9","D","BD","BD432",0.00183333333333333,6,2,"PHAQ",0,0,3,0.277777778,0,102.7777778,0,0,0,0,2.5,NA,NA,NA,0,-0.924430972926938,-0.244097657905998,NA,NA
"9","E","BD","BD4371",0,5,0,"PHAQ",0,2,2,95.55555556,0,60,0,0,0,0,0,NA,NA,NA,NA,NA,-0.374500149502482,NA,NA
"8","E","BD","BD443",0.00075,4,3,"ELGL",1,0,0,94.44444444,37.77777778,170,0,0,0,0,0,NA,NA,NA,19,0.537317870657665,-0.321153675667557,NA,NA
"8","E","BD","BD445",0.0022,5,2,"ELGL",1,0,0,94.44444444,37.77777778,170,0,0,0,0,0,NA,NA,NA,21,0.69118616998236,-0.218017159586702,NA,NA
"8","E","BD","BD447",0,2,0,"ELGL",1,0,0,94.44444444,37.77777778,170,0,0,0,0,0,NA,NA,NA,NA,NA,-0.374500149502482,NA,NA
"9","E","BD","BD455",0,2,0,"PHAQ",0,2,2,95.55555556,0,60,0,0,0,0,0,NA,NA,NA,NA,NA,-0.374500149502482,NA,NA
"10","D","BD","BD457",0.00025,4,1,"PHAQ",0,0,5,0,13.33333333,140,60,0,0,0,10,NA,NA,NA,0,-0.924430972926938,-0.356717991557507,NA,NA
"1","B","BH","BH030",0.00025,4,1,"STPU",0,14,0,0,0,53.33333333,0,0,0,0,0,NA,NA,NA,11,0.167509881371365,-0.351633388504789,NA,NA
"1","B","BH","BH031",0,2,0,"STPU",0,14,0,0,0,53.33333333,0,0,0,0,0,NA,NA,NA,NA,NA,-0.355407828438896,NA,NA
"1","B","BH","BH032",0.045,6,6,"STPU",0,14,0,0,0,53.33333333,0,0,0,0,0,NA,NA,NA,6,-0.358642951141255,0.323991359700397,NA,NA
"1","C","BH","BH036",0,3,0,"STPU",0,8,0,0,0,275,0,0,0,0,0,NA,NA,NA,0,-0.9900263501564,-0.355407828438896,NA,NA
"1","C","BH","BH037",0,6,0,"STPU",0,8,0,0,0,275,0,0,0,0,0,NA,NA,NA,15,0.588432147381461,-0.355407828438896,NA,NA
"1","C","BH","BH038",0.00025,4,1,"STPU",0,8,0,0,0,275,0,0,0,0,0,0.01,1,1,8,-0.148181818136207,-0.351633388504789,-0.339985150894314,NA
"1","E","BH","BH047",0,5,0,"STPU",0,1,0,75.77777778,0,116.1111111,0,0,0,0,113.6666667,NA,NA,NA,53,4.58719367447738,-0.355407828438896,NA,NA
"1","E","BH","BH048",0,2,0,"STPU",0,1,0,75.77777778,0,116.1111111,0,0,0,0,113.6666667,NA,NA,NA,4,-0.569104084146304,-0.355407828438896,NA,NA
"1","E","BH","BH049",0,3,0,"STPU",0,1,0,75.77777778,0,116.1111111,0,0,0,0,113.6666667,NA,NA,NA,NA,NA,-0.355407828438896,NA,NA
"6","A","BH","BH113",0,2,0,"ELGL",7,1,0,130,57.77777778,274.4444444,0,0,115.5555556,0,0,NA,NA,NA,4,-0.569104084146304,-0.355407828438896,NA,NA
"6","D","BH","BH122",0,3,0,"ELGL",3,4,0,122.2222222,18.33333333,409.4444444,0,0,0,0,0,NA,NA,NA,17,0.798893280386509,-0.355407828438896,NA,NA
"6","E","BH","BH128",0,2,0,"ELGL",1,0,1,264.4444444,37.77777778,377.7777778,0,0,0,0,0,NA,NA,NA,11,0.167509881371365,-0.355407828438896,NA,NA
"6","E","BH","BH129",5e-04,2,1,"ELGL",1,0,1,264.4444444,37.77777778,377.7777778,0,0,0,0,0,NA,NA,NA,20,1.11458497989408,-0.347858948570682,NA,NA
"6","E","BH","BH132",0.025,2,1,"ELGL",1,0,1,264.4444444,37.77777778,377.7777778,0,0,0,0,0,NA,NA,NA,3,-0.674334650648828,0.0220361649718223,NA,NA
"6","D","BH","BH138",0,3,0,"ELGL",3,4,0,122.2222222,18.33333333,409.4444444,0,0,0,0,0,NA,NA,NA,12,0.272740447873889,-0.355407828438896,NA,NA
"6","D","BH","BH139",0.05,3,2,"ELGL",3,4,0,122.2222222,18.33333333,409.4444444,0,0,0,0,0,NA,NA,NA,4,-0.569104084146304,0.399480158382541,NA,NA
"6","C","BH","BH140",0.005,2,1,"ELGL",7,2,0,77.77777778,31.11111111,443.3333333,0,0,0,0,0,NA,NA,NA,4,-0.569104084146304,-0.279919029756753,NA,NA
"6","C","BH","BH142",0.00025,4,1,"ELGL",7,2,0,77.77777778,31.11111111,443.3333333,0,0,0,0,0,0.05,1,1,24,1.53550724590418,-0.351633388504789,0.226001689900844,NA
"6","C","BH","BH143",0.000333333333333333,3,1,"ELGL",7,2,0,77.77777778,31.11111111,443.3333333,0,0,0,0,0,0,1,0,8,-0.148181818136207,-0.350375241860087,-0.481481861093103,NA
"6","B","BH","BH147",0.0833333333333333,3,1,"ELGL",6,2,0,83.33333333,5.555555556,388.8888889,0,0,0,0,0,NA,NA,NA,0,-0.9900263501564,0.902738816263499,NA,NA
"6","B","BH","BH148",5e-04,2,1,"ELGL",6,2,0,83.33333333,5.555555556,388.8888889,0,0,0,0,0,NA,NA,NA,4,-0.569104084146304,-0.347858948570682,NA,NA
"6","A","BH","BH149",0.025,2,1,"ELGL",7,1,0,130,57.77777778,274.4444444,0,0,115.5555556,0,0,NA,NA,NA,2,-0.779565217151352,0.0220361649718223,NA,NA
"5","A","BH","BH157",0.000333333333333333,3,1,"ELGL",7,0,0,9.333333333,443.3333333,23.33333333,0,0,0,0,14,NA,NA,NA,NA,NA,-0.350375241860087,NA,NA
"5","A","BH","BH158",0.00333333333333333,3,1,"ELGL",7,0,0,9.333333333,443.3333333,23.33333333,0,0,0,0,14,NA,NA,NA,NA,NA,-0.3050819626508,NA,NA
"5","A","BH","BH159",0.0025,4,1,"ELGL",7,0,0,9.333333333,443.3333333,23.33333333,0,0,0,0,14,0.25,2,1,NA,NA,-0.317663429097824,3.05593589387663,NA
"5","B","BH","BH169",0,2,0,"ELGL",4,0,0,76.44444444,186.6666667,511.1111111,0,0,0,0,19.11111111,NA,NA,NA,1,-0.884795783653876,-0.355407828438896,NA,NA
"5","B","BH","BH170",0,2,0,"ELGL",4,0,0,76.44444444,186.6666667,511.1111111,0,0,0,0,19.11111111,NA,NA,NA,6,-0.358642951141255,-0.355407828438896,NA,NA
"5","B","BH","BH171",5e-04,2,1,"ELGL",4,0,0,76.44444444,186.6666667,511.1111111,0,0,0,0,19.11111111,NA,NA,NA,24,1.53550724590418,-0.347858948570682,NA,NA
"5","C","BH","BH175",0.022,5,2,"ELGL",5,0,0,30.22222222,18.88888889,122.7777778,0,0,0,0,120.8888889,NA,NA,NA,6,-0.358642951141255,-0.0232571142374639,NA,NA
"5","C","BH","BH176",0,3,0,"ELGL",5,0,0,30.22222222,18.88888889,122.7777778,0,0,0,0,120.8888889,NA,NA,NA,16,0.693662713883985,-0.355407828438896,NA,NA
"5","C","BH","BH177",0.02525,4,2,"ELGL",5,0,0,30.22222222,18.88888889,122.7777778,0,0,0,0,120.8888889,NA,NA,NA,10,0.0622793148688408,0.0258106049059295,NA,NA
"5","E","BH","BH185",0.00025,4,1,"ELGL",2,0,0,180,60,1120,0,0,0,0,270,NA,NA,NA,NA,NA,-0.351633388504789,NA,NA
"5","E","BH","BH186",0,4,0,"ELGL",2,0,0,180,60,1120,0,0,0,0,270,NA,NA,NA,NA,NA,-0.355407828438896,NA,NA
"5","D","BH","BH187",0,2,0,"ELGL",2,0,0,64,520,130,0,0,0,0,96,NA,NA,NA,0,-0.9900263501564,-0.355407828438896,NA,NA
"5","D","BH","BH188",0,2,0,"ELGL",2,0,0,64,520,130,0,0,0,0,96,NA,NA,NA,1,-0.884795783653876,-0.355407828438896,NA,NA
"5","D","BH","BH189",0.025,2,1,"ELGL",2,0,0,64,520,130,0,0,0,0,96,NA,NA,NA,0,-0.9900263501564,0.0220361649718223,NA,NA
"5","E","BH","BH192",0,3,0,"ELGL",2,0,0,180,60,1120,0,0,0,0,270,NA,NA,NA,NA,NA,-0.355407828438896,NA,NA
"3","C","BH","BH217",0.005,4,2,"STPU",0,6,0,63.55555556,0,42.77777778,0,0,0,421.6666667,95.33333333,NA,NA,NA,13,0.377971014376413,-0.279919029756753,NA,NA
"3","C","BH","BH218",0,3,0,"STPU",0,6,0,63.55555556,0,42.77777778,0,0,0,421.6666667,95.33333333,NA,NA,NA,8,-0.148181818136207,-0.355407828438896,NA,NA
"3","C","BH","BH219",0,4,0,"STPU",0,6,0,63.55555556,0,42.77777778,0,0,0,421.6666667,95.33333333,NA,NA,NA,11,0.167509881371365,-0.355407828438896,NA,NA
"3","E","BH","BH230",0,2,0,"STPU",0,1,0,110.6666667,44.44444444,148.8888889,0,0,0,271.1111111,73.77777778,NA,NA,NA,4,-0.569104084146304,-0.355407828438896,NA,NA
"6","A","BH","BH237",0.0333333333333333,3,1,"ELGL",7,1,0,130,57.77777778,274.4444444,0,0,115.5555556,0,0,0.01,1,1,10,0.0622793148688408,0.147850829442062,-0.339985150894314,NA
"3","E","BH","BH239",0,2,0,"STPU",0,1,0,110.6666667,44.44444444,148.8888889,0,0,0,271.1111111,73.77777778,NA,NA,NA,2,-0.779565217151352,-0.355407828438896,NA,NA
"7","C","BH","BH259",0,2,0,"PHAQ",1,0,3,0,0,141.6666667,0,0,0,0,0,NA,NA,NA,4,-0.569104084146304,-0.355407828438896,NA,NA
"7","C","BH","BH260",0,3,0,"PHAQ",1,0,3,0,0,141.6666667,0,0,0,0,0,NA,NA,NA,0,-0.9900263501564,-0.355407828438896,NA,NA
"7","C","BH","BH261",0,2,0,"PHAQ",1,0,3,0,0,141.6666667,0,0,0,0,0,NA,NA,NA,NA,NA,-0.355407828438896,NA,NA
"7","D","BH","BH263",0.167,3,3,"PHAQ",0,0,5,0,0,313.3333333,0,0,0,0,0,NA,NA,NA,NA,NA,2.1659180475447,NA,NA
"7","D","BH","BH264",0,2,0,"PHAQ",0,0,5,0,0,313.3333333,0,0,0,0,0,NA,NA,NA,7,-0.253412384638731,-0.355407828438896,NA,NA
"7","D","BH","BH266",0,2,0,"PHAQ",0,0,5,0,0,313.3333333,0,0,0,0,0,NA,NA,NA,1,-0.884795783653876,-0.355407828438896,NA,NA
"7","E","BH","BH269",0.000333333333333333,3,1,"PHAQ",0,0,2,119,0,661.1111111,0,0,0,0,79.33333333,0,1,0,12,0.272740447873889,-0.350375241860087,-0.481481861093103,NA
"7","E","BH","BH270",0.00025,4,1,"PHAQ",0,0,2,119,0,661.1111111,0,0,0,0,79.33333333,NA,NA,NA,12,0.272740447873889,-0.351633388504789,NA,NA
"4","A","BH","BH2712",0.000333333333333333,3,1,"STPU",0,7,0,0,4.444444444,248.8888889,0,0,0,0,115.5555556,NA,NA,NA,4,-0.569104084146304,-0.350375241860087,NA,NA
"4","A","BH","BH275",0,3,0,"STPU",0,7,0,0,4.444444444,248.8888889,0,0,0,0,115.5555556,NA,NA,NA,5,-0.463873517643779,-0.355407828438896,NA,NA
"7","E","BH","BH276",0.125,2,1,"PHAQ",0,0,2,119,0,661.1111111,0,0,0,0,79.33333333,0,1,0,13,0.377971014376413,1.5318121386147,-0.481481861093103,NA
"4","A","BH","BH278",0,4,0,"STPU",0,7,0,0,4.444444444,248.8888889,0,0,0,0,115.5555556,NA,NA,NA,6,-0.358642951141255,-0.355407828438896,NA,NA
"4","B","BH","BH281",5e-04,2,1,"STPU",0,6,0,21.33333333,0,66.66666667,0,0,0,506.6666667,32,NA,NA,NA,4,-0.569104084146304,-0.347858948570682,NA,NA
"4","B","BH","BH282",0,2,0,"STPU",0,6,0,21.33333333,0,66.66666667,0,0,0,506.6666667,32,NA,NA,NA,4,-0.569104084146304,-0.355407828438896,NA,NA
"4","B","BH","BH284",0.1,1,1,"STPU",0,6,0,21.33333333,0,66.66666667,0,0,0,506.6666667,32,NA,NA,NA,1,-0.884795783653876,1.15436814520398,NA,NA
"4","C","BH","BH290",0.0505,2,2,"STPU",0,7,0,7.222222222,11.11111111,297.2222222,0,0,0,0,28.88888889,NA,NA,NA,5,-0.463873517643779,0.407029038250755,NA,NA
"4","C","BH","BH291",0.00275,4,2,"STPU",0,7,0,7.222222222,11.11111111,297.2222222,0,0,0,0,28.88888889,NA,NA,NA,0,-0.9900263501564,-0.313888989163717,NA,NA
"8","A","BH","BH293",0,1,0,"ELGL",7,4,0,0,0,28.88888889,0,0,0,0,0,NA,NA,NA,4,-0.569104084146304,-0.355407828438896,NA,NA
"8","A","BH","BH295",0,3,0,"ELGL",7,4,0,0,0,28.88888889,0,0,0,0,0,NA,NA,NA,27,1.85119894541175,-0.355407828438896,NA,NA
"8","D","BH","BH296",0.005,2,1,"ELGL",5,4,0,8,6.666666667,3.333333333,80,46.66666667,0,0,48.66666667,NA,NA,NA,NA,NA,-0.279919029756753,NA,NA
"4","E","BH","BH298",0.375,2,2,"STPU",0,1,0,0,471.1111111,382.2222222,0,0,0,0,62.22222222,NA,NA,NA,1,-0.884795783653876,5.30625207272188,NA,NA
"4","E","BH","BH307",0.5,1,1,"STPU",0,1,0,0,471.1111111,382.2222222,0,0,0,0,62.22222222,NA,NA,NA,1,-0.884795783653876,7.19347203977548,NA,NA
"4","C","BH","BH309",0.000333333333333333,3,1,"STPU",0,7,0,7.222222222,11.11111111,297.2222222,0,0,0,0,28.88888889,NA,NA,NA,7,-0.253412384638731,-0.350375241860087,NA,NA
"4","D","BH","BH313",0.0125,4,1,"STPU",0,2,0,0,38.88888889,840,0,0,0,0,54.44444444,NA,NA,NA,9,-0.0429512516336832,-0.166685831733537,NA,NA
"4","D","BH","BH314",0.166666666666667,3,1,"STPU",0,2,0,0,38.88888889,840,0,0,0,0,54.44444444,NA,NA,NA,0,-0.9900263501564,2.16088546096589,NA,NA
"4","D","BH","BH315",0.0125,4,1,"STPU",0,2,0,0,38.88888889,840,0,0,0,0,54.44444444,NA,NA,NA,10,0.0622793148688408,-0.166685831733537,NA,NA
"8","A","BH","BH320",0.125,2,1,"ELGL",7,4,0,0,0,28.88888889,0,0,0,0,0,NA,NA,NA,25,1.6407378124067,1.5318121386147,NA,NA
"8","C","BH","BH321",0.025,2,1,"ELGL",6,4,0,0,253.3333333,53.33333333,0,0,0,0,0,NA,NA,NA,0,-0.9900263501564,0.0220361649718223,NA,NA
"8","C","BH","BH323",0.00025,4,1,"ELGL",6,4,0,0,253.3333333,53.33333333,0,0,0,0,0,NA,NA,NA,15,0.588432147381461,-0.351633388504789,NA,NA
"8","C","BH","BH325",5e-04,2,1,"ELGL",6,4,0,0,253.3333333,53.33333333,0,0,0,0,0,NA,NA,NA,4,-0.569104084146304,-0.347858948570682,NA,NA
"8","D","BH","BH327",0.02,3,2,"ELGL",5,4,0,8,6.666666667,3.333333333,80,46.66666667,0,0,48.66666667,NA,NA,NA,42,3.42965744294961,-0.0534526337103214,NA,NA
"8","D","BH","BH331",5e-04,2,1,"ELGL",5,4,0,8,6.666666667,3.333333333,80,46.66666667,0,0,48.66666667,NA,NA,NA,NA,NA,-0.347858948570682,NA,NA
"10","E","BH","BH333",0.0333333333333333,3,1,"PHAQ",0,2,2,50,83.33333333,146.6666667,220,0,0,0,0,NA,NA,NA,0,-0.9900263501564,0.147850829442062,NA,NA
"8","B","BH","BH337",0,2,0,"ELGL",8,0,0,0,0,70,46.66666667,0,0,0,0,NA,NA,NA,8,-0.148181818136207,-0.355407828438896,NA,NA
"8","B","BH","BH340",0.0503333333333333,3,3,"ELGL",8,0,0,0,0,70,46.66666667,0,0,0,0,NA,NA,NA,23,1.43027667940165,0.40451274496135,NA,NA
"4","E","BH","BH341",0.000333333333333333,3,1,"STPU",0,1,0,0,471.1111111,382.2222222,0,0,0,0,62.22222222,NA,NA,NA,9,-0.0429512516336832,-0.350375241860087,NA,NA
"8","B","BH","BH348",0.06275,4,2,"ELGL",8,0,0,0,0,70,46.66666667,0,0,0,0,NA,NA,NA,27,1.85119894541175,0.591976595022007,NA,NA
"9","D","BH","BH351",0.00333333333333333,3,1,"PHAQ",0,0,3,0.277777778,0,102.7777778,0,0,0,0,2.5,NA,NA,NA,17,0.798893280386509,-0.3050819626508,NA,NA
"10","A","BH","BH356",0.00333333333333333,3,1,"PHAQ",0,0,5,0,0,81.66666667,38.33333333,0,0,0,0,NA,NA,NA,NA,NA,-0.3050819626508,NA,NA
"10","C","BH","BH363",0.00333333333333333,3,1,"PHAQ",0,0,3,0,1.666666667,18.33333333,45,0,0,0,0,NA,NA,NA,39,3.11396574344204,-0.3050819626508,NA,NA
"10","D","BH","BH382",0.0025,4,1,"PHAQ",0,0,5,0,13.33333333,140,60,0,0,0,10,NA,NA,NA,22,1.32504611289913,-0.317663429097824,NA,NA
"10","B","BH","BH406",0,1,0,"PHAQ",0,0,4,0,0,194.4444444,0,0,0,0,0,NA,NA,NA,NA,NA,-0.355407828438896,NA,NA
"8","E","BH","BH409",0,2,0,"ELGL",1,0,0,94.44444444,37.77777778,170,0,0,0,0,0,NA,NA,NA,NA,NA,-0.355407828438896,NA,NA
"10","E","BH","BH413",0.00025,4,1,"PHAQ",0,2,2,50,83.33333333,146.6666667,220,0,0,0,0,NA,NA,NA,7,-0.253412384638731,-0.351633388504789,NA,NA
"10","A","BH","BH414",0,1,0,"PHAQ",0,0,5,0,0,81.66666667,38.33333333,0,0,0,0,NA,NA,NA,NA,NA,-0.355407828438896,NA,NA
"8","E","BH","BH417",0.000333333333333333,3,1,"ELGL",1,0,0,94.44444444,37.77777778,170,0,0,0,0,0,NA,NA,NA,11,0.167509881371365,-0.350375241860087,NA,NA
"9","E","BH","BH427",0.0833333333333333,3,1,"PHAQ",0,2,2,95.55555556,0,60,0,0,0,0,0,0,1,0,9,-0.0429512516336832,0.902738816263499,-0.481481861093103,NA
"10","E","BD","BH429",0.000333333333333333,3,1,"PHAQ",0,2,2,50,83.33333333,146.6666667,220,0,0,0,0,0.025,2,1,1,-0.847496823264591,-0.350790605575848,-0.0693623512998194,"AL"
"10","A","BH","BH431",0.05,2,1,"PHAQ",0,0,5,0,0,81.66666667,38.33333333,0,0,0,0,NA,NA,NA,11,0.167509881371365,0.399480158382541,NA,NA
"9","E","BH","BH4331",0,2,0,"PHAQ",0,2,2,95.55555556,0,60,0,0,0,0,0,NA,NA,NA,3,-0.674334650648828,-0.355407828438896,NA,NA
"10","D","BH","BH4343",0.0333333333333333,3,1,"PHAQ",0,0,5,0,13.33333333,140,60,0,0,0,10,NA,NA,NA,0,-0.9900263501564,0.147850829442062,NA,NA
"10","B","BH","BH436",0.05,1,1,"PHAQ",0,0,4,0,0,194.4444444,0,0,0,0,0,NA,NA,NA,12,0.272740447873889,0.399480158382541,NA,NA
"9","D","BH","BH438",0,2,0,"PHAQ",0,0,3,0.277777778,0,102.7777778,0,0,0,0,2.5,NA,NA,NA,2,-0.779565217151352,-0.355407828438896,NA,NA
"9","C","BH","BH440",0.17,3,2,"PHAQ",0,0,4,0,2.222222222,120,162.2222222,0,0,0,0,NA,NA,NA,10,0.0622793148688408,2.21121132675399,NA,NA
"9","C","BH","BH441",0.000333333333333333,3,1,"PHAQ",0,0,4,0,2.222222222,120,162.2222222,0,0,0,0,NA,NA,NA,1,-0.884795783653876,-0.350375241860087,NA,NA
"9","C","BH","BH442",0.01,1,1,"PHAQ",0,0,4,0,2.222222222,120,162.2222222,0,0,0,0,NA,NA,NA,4,-0.569104084146304,-0.204430231074609,NA,NA
"8","E","BH","BH444",0.00333333333333333,3,1,"ELGL",1,0,0,94.44444444,37.77777778,170,0,0,0,0,0,NA,NA,NA,6,-0.358642951141255,-0.3050819626508,NA,NA
"9","B","BH","BH446",0.0025,4,1,"PHAQ",0,0,7,0,4.444444444,1.111111111,0,0,0,0,0,NA,NA,NA,8,-0.148181818136207,-0.317663429097824,NA,NA
"9","B","BH","BH448",0,2,0,"PHAQ",0,0,7,0,4.444444444,1.111111111,0,0,0,0,0,NA,NA,NA,7,-0.253412384638731,-0.355407828438896,NA,NA
"9","E","BH","BH450",0.00025,4,1,"PHAQ",0,2,2,95.55555556,0,60,0,0,0,0,0,NA,NA,NA,13,0.377971014376413,-0.351633388504789,NA,NA
"6","B","BH","BH656",0,1,0,"ELGL",6,2,0,83.33333333,5.555555556,388.8888889,0,0,0,0,0,NA,NA,NA,2,-0.779565217151352,-0.355407828438896,NA,NA
"10","D","BH","BH777",0.00366666666666667,3,2,"PHAQ",0,0,5,0,13.33333333,140,60,0,0,0,10,NA,NA,NA,NA,NA,-0.300049376071991,NA,NA
"1","A","BH","C10",0.0024,5,3,"STPU",0,9,0,6.666666667,0,6.666666667,0,0,0,0,4.444444444,NA,NA,NA,13,0.377971014376413,-0.319173205071467,NA,NA
"1","A","AB","C11",0.000166666666666667,6,1,"STPU",0,9,0,6.666666667,0,6.666666667,0,0,0,0,4.444444444,0.00025,4,1,10,0.579631126907627,-0.574703061316907,-0.600821040994481,"AL"
"1","A","AB","C13",0.000333333333333333,3,1,"STPU",0,9,0,6.666666667,0,6.666666667,0,0,0,0,4.444444444,0,2,0,0,-1.08173197569385,-0.567439426476278,-0.602871386068693,NA
"1","A","AB","C15",0.0168333333333333,6,3,"STPU",0,9,0,6.666666667,0,6.666666667,0,0,0,0,4.444444444,5e-04,2,1,12,0.911903747427923,0.151660422745947,-0.59877069592027,"A"
"1","D","SP","C16",0.000833333333333333,6,5,"STPU",0,3,0,84,60,46.66666667,0,0,0,0,336,NA,NA,NA,1304.893333,4.29117056830683,-0.939297415865184,NA,NA
"1","D","SP","C17",0.017,6,4,"STPU",0,3,0,84,60,46.66666667,0,0,0,0,336,NA,NA,NA,130,-0.304551024582614,-0.1557329424866,NA,NA
"1","D","SP","C19",0.0685,6,5,"STPU",0,3,0,84,60,46.66666667,0,0,0,0,336,NA,NA,NA,15,-0.75438588902327,2.34036419435858,NA,NA
"1","D","BD","C22",0.00366666666666667,3,2,"STPU",0,3,0,84,60,46.66666667,0,0,0,0,336,NA,NA,NA,0,-0.924430972926938,-0.113695166309515,NA,NA
"1","D","BD","C23",4e-04,5,2,"STPU",0,3,0,84,60,46.66666667,0,0,0,0,336,NA,NA,NA,12,-0.00122117697876742,-0.346048696790522,NA,NA
"1","D","BD","C25",0.005,2,1,"STPU",0,3,0,84,60,46.66666667,0,0,0,0,336,NA,NA,NA,NA,NA,-0.0188569906029823,NA,NA
"1","D","AB","C26",0.00275,4,2,"STPU",0,3,0,84,60,46.66666667,0,0,0,0,336,NA,NA,NA,25,3.07167578080985,-0.462116721287164,NA,NA
"1","D","AB","C28",0.0125,4,1,"STPU",0,3,0,84,60,46.66666667,0,0,0,0,336,NA,NA,NA,12,0.911903747427923,-0.0371940831103949,NA,NA
"1","D","AB","C30",0,3,0,"STPU",0,3,0,84,60,46.66666667,0,0,0,0,336,NA,NA,NA,0,-1.08173197569385,-0.581966696157535,NA,NA
"3","A","SP","C41",0.0188333333333333,6,5,"STPU",0,8,0,77,6.111111111,30.55555556,0,0,0,0,51.33333333,0.0136666666666667,6,6,75.4,-0.518124795004004,-0.0668751156086167,-0.351480673132349,"B"
"3","A","SP","C42",0.0883333333333333,6,6,"STPU",0,8,0,77,6.111111111,30.55555556,0,0,0,0,51.33333333,0.007,6,6,91,-0.45710371774075,3.30164432149313,-0.769554540919341,NA
"3","A","AB","C46",0.1,3,2,"STPU",0,8,0,77,6.111111111,30.55555556,0,0,0,0,51.33333333,0,6,0,0,-1.08173197569385,3.77621420821959,-0.602871386068693,NA
"3","A","SP","C47",0.0166666666666667,3,1,"STPU",0,8,0,77,6.111111111,30.55555556,0,0,0,0,51.33333333,0.0533333333333333,6,6,22,-0.727004636405143,-0.17188891100987,2.13605884020025,NA
"3","A","BH","C48",0,3,0,"STPU",0,8,0,77,6.111111111,30.55555556,0,0,0,0,51.33333333,NA,NA,NA,6,-0.358642951141255,-0.355407828438896,NA,NA
"3","A","AB","C49",0.001,2,2,"STPU",0,8,0,77,6.111111111,30.55555556,0,0,0,0,51.33333333,0.017,3,2,7,0.0812221961271835,-0.538384887113764,-0.46344792102233,"D"
"3","A","BH","C50",0,2,0,"STPU",0,8,0,77,6.111111111,30.55555556,0,0,0,0,51.33333333,NA,NA,NA,9,-0.0429512516336832,-0.355407828438896,NA,NA
"3","A","AB","C54",0,3,0,"STPU",0,8,0,77,6.111111111,30.55555556,0,0,0,0,51.33333333,0.13,2,2,8,0.247358506387331,-0.581966696157535,0.463308052521143,NA
"3","A","AB","C55",0.0336666666666667,3,3,"STPU",0,8,0,77,6.111111111,30.55555556,0,0,0,0,51.33333333,0.025,2,1,6,-0.0849141141329645,0.885287541649429,-0.39783687864757,NA
"3","D","SP","C57",0.0133333333333333,6,4,"STPU",0,7,0,31.77777778,0,72.22222222,0,0,0,541.6666667,127.1111111,NA,NA,NA,377,0.661616032085578,-0.333448596242568,NA,NA
"3","D","SP","C58",0.0185,6,4,"STPU",0,7,0,31.77777778,0,72.22222222,0,0,0,541.6666667,127.1111111,NA,NA,NA,52,-0.609656410898885,-0.0830310841318863,NA,NA
"3","D","SP","C60",0.00383333333333333,6,5,"STPU",0,7,0,31.77777778,0,72.22222222,0,0,0,541.6666667,127.1111111,NA,NA,NA,15,-0.75438588902327,-0.793893699155756,NA,NA
"3","D","BH","C62",0,2,0,"STPU",0,7,0,31.77777778,0,72.22222222,0,0,0,541.6666667,127.1111111,NA,NA,NA,3,-0.674334650648828,-0.355407828438896,NA,NA
"3","D","BH","C63",0,2,0,"STPU",0,7,0,31.77777778,0,72.22222222,0,0,0,541.6666667,127.1111111,NA,NA,NA,1,-0.884795783653876,-0.355407828438896,NA,NA
"3","D","BH","C65",0,3,0,"STPU",0,7,0,31.77777778,0,72.22222222,0,0,0,541.6666667,127.1111111,NA,NA,NA,6,-0.358642951141255,-0.355407828438896,NA,NA
"3","D","AB","C72",0.054,5,3,"STPU",0,7,0,31.77777778,0,72.22222222,0,0,0,541.6666667,127.1111111,NA,NA,NA,2,-0.749459355173556,1.77145099220611,NA,NA
"3","D","AB","C74",0.00366666666666667,3,2,"STPU",0,7,0,31.77777778,0,72.22222222,0,0,0,541.6666667,127.1111111,NA,NA,NA,6,-0.0849141141329645,-0.422166729663707,NA,NA
"3","D","AB","C75",0.042,6,3,"STPU",0,7,0,31.77777778,0,72.22222222,0,0,0,541.6666667,127.1111111,NA,NA,NA,12,0.911903747427923,1.24846928368086,NA,NA
"1","A","BH","C8",0,3,0,"STPU",0,9,0,6.666666667,0,6.666666667,0,0,0,0,4.444444444,0.0333333333333333,3,1,5,-0.463873517643779,-0.355407828438896,-0.00982616043047146,NA
"1","A","BH","C9",0,4,0,"STPU",0,9,0,6.666666667,0,6.666666667,0,0,0,0,4.444444444,NA,NA,NA,20,1.11458497989408,-0.355407828438896,NA,NA
"8","C","EG","EG088",0.00233333333333333,6,5,"ELGL",6,4,0,0,253.3333333,53.33333333,0,0,0,0,0,0.142,6,5,NA,NA,-0.515202432638629,1.25259731186489,"E"
"8","D","EG","EG083",0.00233333333333333,6,5,"ELGL",5,4,0,8,6.666666667,3.333333333,80,46.66666667,0,0,48.66666667,NA,NA,NA,71,-0.951419422725881,-0.515202432638629,NA,NA
"8","D","EG","EG084",0.00866666666666667,6,3,"ELGL",5,4,0,8,6.666666667,3.333333333,80,46.66666667,0,0,48.66666667,NA,NA,NA,136,-0.703575393421064,0.0465677952026307,NA,NA
"8","C","EG","EG085",0.00366666666666667,6,4,"ELGL",6,4,0,0,253.3333333,53.33333333,0,0,0,0,0,0.161833333333333,6,6,194,-0.482422259579842,-0.396935016250995,1.53339178990991,NA
"8","C","EG","EG087",0.00216666666666667,6,4,"ELGL",6,4,0,0,253.3333333,53.33333333,0,0,0,0,0,0.027,6,5,89,-0.882785691533778,-0.529985859687083,-0.375538737303757,"AN"
"8","B","EG","EG091",0.000666666666666667,6,4,"ELGL",8,0,0,0,0,70,46.66666667,0,0,0,0,NA,NA,NA,307.5466667,-0.0494705151327785,-0.663036703123171,NA,NA
"8","B","EG","EG092",0.000666666666666667,6,4,"ELGL",8,0,0,0,0,70,46.66666667,0,0,0,0,NA,NA,NA,250.8933333,-0.265488829339012,-0.663036703123171,NA,NA
"8","B","EG","EG094",0.000833333333333333,6,5,"ELGL",8,0,0,0,0,70,46.66666667,0,0,0,0,NA,NA,NA,85,-0.898037631798689,-0.648253276074716,NA,NA
"8","A","EG","EG096",0.002,6,3,"ELGL",7,4,0,0,0,28.88888889,0,0,0,0,0,0.175,6,6,128,-0.734079273950887,-0.544769286735537,1.71980156945241,"E"
"8","A","EG","EG097",0.0166666666666667,6,1,"ELGL",7,4,0,0,0,28.88888889,0,0,0,0,0,0.1202,5,3,35,-1.08868688511009,0.756172293528432,0.943959347761614,"E"
"8","A","EG","EG098",0.002,6,3,"ELGL",7,4,0,0,0,28.88888889,0,0,0,0,0,0.1835,6,5,206.38,-0.43521750445994,-0.544769286735537,1.84014206004314,"E"
"8","E","EG","EG150",0.0518333333333333,6,4,"ELGL",1,0,0,94.44444444,37.77777778,170,0,0,0,0,0,0.178333333333333,6,6,81,-0.913289572063601,3.87547540075227,1.76699391870368,"E"
"5","A","EG","EG154",0.0103333333333333,6,4,"ELGL",7,0,0,9.333333333,443.3333333,23.33333333,0,0,0,0,14,0.009,6,5,488.5933333,0.640857720903373,0.194402065687173,-0.630377423260589,NA
"5","A","EG","EG155",0.00216666666666667,6,4,"ELGL",7,0,0,9.333333333,443.3333333,23.33333333,0,0,0,0,14,0.00233333333333333,6,5,600.44,1.06732739073785,-0.529985859687083,-0.724762121763119,"E"
"5","A","EG","EG156",0.00866666666666667,6,3,"ELGL",7,0,0,9.333333333,443.3333333,23.33333333,0,0,0,0,14,0.00366666666666667,6,4,259.0133333,-0.234527390601241,0.0465677952026307,-0.705885182062613,"F"
"5","B","EG","EG160",0.000833333333333333,6,5,"ELGL",4,0,0,76.44444444,186.6666667,511.1111111,0,0,0,0,19.11111111,NA,NA,NA,382.6333333,0.236833823285859,-0.648253276074716,NA,NA
"5","B","EG","EG161",0.0106666666666667,6,6,"ELGL",4,0,0,76.44444444,186.6666667,511.1111111,0,0,0,0,19.11111111,NA,NA,NA,376.7466667,0.214388051450196,0.223968919784081,NA,NA
"5","B","EG","EG162",5e-04,6,3,"ELGL",4,0,0,76.44444444,186.6666667,511.1111111,0,0,0,0,19.11111111,NA,NA,NA,709.3433333,1.4825741742732,-0.677820130171625,NA,NA
"5","C","EG","EG172",0.00683333333333333,6,5,"ELGL",5,0,0,30.22222222,18.88888889,122.7777778,0,0,0,0,120.8888889,0.001,6,6,553.3466667,0.887761214146054,-0.116049902330365,-0.743639061463625,NA
"5","C","EG","EG173",5e-04,6,3,"ELGL",5,0,0,30.22222222,18.88888889,122.7777778,0,0,0,0,120.8888889,0.00916666666666667,6,6,476.82,0.595966176850749,-0.677820130171625,-0.628017805798025,"D"
"5","C","EG","EG174",5e-04,6,3,"ELGL",5,0,0,30.22222222,18.88888889,122.7777778,0,0,0,0,120.8888889,NA,NA,NA,128,-0.734079273950887,-0.677820130171625,NA,NA
"5","D","EG","EG182",0.009,6,5,"ELGL",2,0,0,64,520,130,0,0,0,0,96,NA,NA,NA,300.22,-0.0774069858451081,0.0761346492995392,NA,NA
"5","D","EG","EG183",5e-04,2,1,"ELGL",2,0,0,64,520,130,0,0,0,0,96,NA,NA,NA,161,-0.608250766765365,-0.677820130171625,NA,NA
"5","D","EG","EG184",0.000833333333333333,6,5,"ELGL",2,0,0,64,520,130,0,0,0,0,96,NA,NA,NA,0,-1.22214136242807,-0.648253276074716,NA,NA
"5","E","EG","EG190",0.0353333333333333,6,5,"ELGL",2,0,0,180,60,1120,0,0,0,0,270,0.0175,6,6,927.15,2.31306774172519,2.4119161229553,-0.510036932669863,"G"
"5","E","EG","EG191",0.002,6,3,"ELGL",2,0,0,180,60,1120,0,0,0,0,270,0.034,6,5,150,-0.650193602493872,-0.544769286735537,-0.276434803876101,NA
"6","C","EG","EG223",0.004,6,6,"ELGL",7,2,0,77.77777778,31.11111111,443.3333333,0,0,0,0,0,0.009,6,5,1067.112092,2.84674110835921,-0.367368162154087,-0.630377423260589,"E"
"6","C","EG","EG224",0.0035,6,3,"ELGL",7,2,0,77.77777778,31.11111111,443.3333333,0,0,0,0,0,0.009,6,5,545.3380406,0.85722444242575,-0.411718443299449,-0.630377423260589,"E"
"6","C","EG","EG225",0.00233333333333333,6,5,"ELGL",7,2,0,77.77777778,31.11111111,443.3333333,0,0,0,0,0,0.0055,6,6,723.7511033,1.53751078612084,-0.515202432638629,-0.679929389974417,"D"
"6","A","EG","EG233",0.0175,6,6,"ELGL",7,1,0,130,57.77777778,274.4444444,0,0,115.5555556,0,0,0.004,6,6,350.0935569,0.112760141814262,0.830089428770703,-0.701165947137486,"E"
"6","A","EG","EG234",0.0173333333333333,6,6,"ELGL",7,1,0,130,57.77777778,274.4444444,0,0,115.5555556,0,0,0.004,6,6,175,-0.554868975838173,0.815306001722249,-0.701165947137486,"E"
"6","A","EG","EG235",0.0106666666666667,6,6,"ELGL",7,1,0,130,57.77777778,274.4444444,0,0,115.5555556,0,0,0.019,6,6,205.3433363,-0.43917028766674,0.223968919784081,-0.488800375506794,"E"
"6","E","EG","EG240",0.000666666666666667,6,4,"ELGL",1,0,1,264.4444444,37.77777778,377.7777778,0,0,0,0,0,0.009,6,5,417.419241,0.369471969861143,-0.663036703123171,-0.630377423260589,"G"
"6","D","EG","EG246",5e-04,6,3,"ELGL",3,4,0,122.2222222,18.33333333,409.4444444,0,0,0,0,0,NA,NA,NA,171.6804943,-0.567526201499532,-0.677820130171625,NA,NA
"6","D","EG","EG247",0.00183333333333333,6,2,"ELGL",3,4,0,122.2222222,18.33333333,409.4444444,0,0,0,0,0,NA,NA,NA,440.9832304,0.459321109544097,-0.559552713783991,NA,NA
"6","D","EG","EG249",0.00383333333333333,6,5,"ELGL",3,4,0,122.2222222,18.33333333,409.4444444,0,0,0,0,0,NA,NA,NA,764.1465137,1.69153788272019,-0.382151589202541,NA,NA
"6","B","EG","EG253",0.025,6,2,"ELGL",6,2,0,83.33333333,5.555555556,388.8888889,0,0,0,0,0,NA,NA,NA,10,-1.18401151176579,1.49534364595114,NA,NA
"6","B","EG","EG254",0.00516666666666667,6,4,"ELGL",6,2,0,83.33333333,5.555555556,388.8888889,0,0,0,0,0,NA,NA,NA,407.3203883,0.330965195330007,-0.263884172814907,NA,NA
"6","B","EG","EG255",0.0335,6,3,"ELGL",6,2,0,83.33333333,5.555555556,388.8888889,0,0,0,0,0,NA,NA,NA,27,-1.11919076563991,2.24929842542231,NA,NA
"8","D","EG","EG328",0.0173333333333333,3,3,"ELGL",5,4,0,8,6.666666667,3.333333333,80,46.66666667,0,0,48.66666667,NA,NA,NA,98,-0.848468825937726,0.815306001722249,NA,NA
"2","C","PA","PA001",0.00833333333333333,6,1,"PHAQ",0,4,4,70,0,81.66666667,0,0,0,202.2222222,0,0.025,6,2,NA,NA,0.00163739713041875,0.38274419429454,"V"
"2","C","PA","PA002",0.00833333333333333,6,1,"PHAQ",0,4,4,70,0,81.66666667,0,0,0,202.2222222,0,0.000166666666666667,6,1,NA,NA,0.00163739713041875,-0.481329820097679,NA
"2","C","PA","PA003",0.000166666666666667,6,1,"PHAQ",0,4,4,70,0,81.66666667,0,0,0,202.2222222,0,0.000166666666666667,6,1,NA,NA,-0.407548145761237,-0.481329820097679,"L"
"2","D","PA","PA010",0,6,0,"PHAQ",0,4,3,30.55555556,0,183.3333333,0,0,0,0,0,NA,NA,NA,NA,NA,-0.415898871126373,NA,NA
"2","D","PA","PA011",0.00866666666666667,6,3,"PHAQ",0,4,3,30.55555556,0,183.3333333,0,0,0,0,0,NA,NA,NA,NA,NA,0.0183388478606904,NA,NA
"7","A","PA","PA050",0,6,0,"PHAQ",0,0,6,0,0,18.88888889,0,0,0,0,0,0.025,6,2,NA,NA,-0.415898871126373,0.38274419429454,NA
"7","A","PA","PA051",0,6,0,"PHAQ",0,0,6,0,0,18.88888889,0,0,0,0,0,0.000166666666666667,6,1,NA,NA,-0.415898871126373,-0.481329820097679,NA
"7","A","PA","PA052",0.000166666666666667,6,1,"PHAQ",0,0,6,0,0,18.88888889,0,0,0,0,0,0.126666666666667,6,3,NA,NA,-0.407548145761237,3.92022841428953,NA
"7","B","PA","PA053",0,6,0,"PHAQ",0,0,5,0,0,2.222222222,0,131.1111111,0,0,0,NA,NA,NA,NA,NA,-0.415898871126373,NA,NA
"7","B","PA","PA054",0.00833333333333333,6,1,"PHAQ",0,0,5,0,0,2.222222222,0,131.1111111,0,0,0,NA,NA,NA,NA,NA,0.00163739713041875,NA,NA
"7","B","PA","PA055",0,6,0,"PHAQ",0,0,5,0,0,2.222222222,0,131.1111111,0,0,0,NA,NA,NA,NA,NA,-0.415898871126373,NA,NA
"7","C","PA","PA056",0.00166666666666667,6,1,"PHAQ",1,0,3,0,0,141.6666667,0,0,0,0,0,0.0833333333333333,6,1,NA,NA,-0.332391617475014,2.41244825494741,NA
"7","C","PA","PA057",0.00833333333333333,6,1,"PHAQ",1,0,3,0,0,141.6666667,0,0,0,0,0,0.0335,6,3,NA,NA,0.00163739713041875,0.678501071703958,NA
"7","C","PA","PA058",0,6,0,"PHAQ",1,0,3,0,0,141.6666667,0,0,0,0,0,0.002,6,3,NA,NA,-0.415898871126373,-0.417539121048589,NA
"7","D","PA","PA059",0,6,0,"PHAQ",0,0,5,0,0,313.3333333,0,0,0,0,0,NA,NA,NA,NA,NA,-0.415898871126373,NA,NA
"2","B","PA","PA060",0.00183333333333333,6,2,"PHAQ",0,0,8,0,0,0,0,0,0,0,0,NA,NA,NA,NA,NA,-0.324040892109879,NA,NA
"2","B","PA","PA061",0,6,0,"PHAQ",0,0,8,0,0,0,0,0,0,0,0,NA,NA,NA,NA,NA,-0.415898871126373,NA,NA
"2","B","PA","PA062",0.002,6,3,"PHAQ",0,0,8,0,0,0,0,0,0,0,0,NA,NA,NA,NA,NA,-0.315690166744743,NA,NA
"2","A","PA","PA063",0.000166666666666667,6,1,"PHAQ",0,0,7,0,0,0,0,0,0,0,0,5e-04,6,3,NA,NA,-0.407548145761237,-0.469731511179663,NA
"2","A","PA","PA064",0.000166666666666667,6,1,"PHAQ",0,0,7,0,0,0,0,0,0,0,0,0.00833333333333333,6,1,NA,NA,-0.407548145761237,-0.197171251606278,NA
"7","D","PA","PA065",0,6,0,"PHAQ",0,0,5,0,0,313.3333333,0,0,0,0,0,NA,NA,NA,NA,NA,-0.415898871126373,NA,NA
"7","D","PA","PA066",0,6,0,"PHAQ",0,0,5,0,0,313.3333333,0,0,0,0,0,NA,NA,NA,NA,NA,-0.415898871126373,NA,NA
"7","E","PA","PA067",0,6,0,"PHAQ",0,0,2,119,0,661.1111111,0,0,0,0,79.33333333,0.0433333333333333,6,2,NA,NA,-0.415898871126373,1.02065118478544,NA
"2","A","PA","PA068",0.00183333333333333,6,2,"PHAQ",0,0,7,0,0,0,0,0,0,0,0,0.000333333333333333,6,2,NA,NA,-0.324040892109879,-0.475530665638671,NA
"9","A","PA","PA099",0,6,0,"PHAQ",0,0,9,0,0,0,0,0,0,0,0,0,6,0,NA,NA,-0.415898871126373,-0.487128974556688,NA
"9","A","PA","PA100",0.0416666666666667,6,1,"PHAQ",0,0,9,0,0,0,0,0,0,0,0,0.0085,6,2,NA,NA,1.67178247015758,-0.19137209714727,NA
"9","A","PA","PA101",0.0168333333333333,6,2,"PHAQ",0,0,9,0,0,0,0,0,0,0,0,0.000166666666666667,6,1,NA,NA,0.427524390752346,-0.481329820097679,"AC"
"9","B","PA","PA102",0.0166666666666667,6,1,"PHAQ",0,0,7,0,4.444444444,1.111111111,0,0,0,0,0,NA,NA,NA,NA,NA,0.41917366538721,NA,NA
"9","B","PA","PA103",0.00166666666666667,6,1,"PHAQ",0,0,7,0,4.444444444,1.111111111,0,0,0,0,0,NA,NA,NA,NA,NA,-0.332391617475014,NA,NA
"9","B","PA","PA104",0,6,0,"PHAQ",0,0,7,0,4.444444444,1.111111111,0,0,0,0,0,NA,NA,NA,NA,NA,-0.415898871126373,NA,NA
"9","C","PA","PA105",0.00183333333333333,6,2,"PHAQ",0,0,4,0,2.222222222,120,162.2222222,0,0,0,0,0,6,0,NA,NA,-0.324040892109879,-0.487128974556688,NA
"9","C","PA","PA106",0.0833333333333333,6,1,"PHAQ",0,0,4,0,2.222222222,120,162.2222222,0,0,0,0,0.000166666666666667,6,1,NA,NA,3.75946381144154,-0.481329820097679,NA
"9","C","PA","PA107",0,6,0,"PHAQ",0,0,4,0,2.222222222,120,162.2222222,0,0,0,0,0,6,0,NA,NA,-0.415898871126373,-0.487128974556688,NA
"9","D","PA","PA108",0.1,6,2,"PHAQ",0,0,3,0.277777778,0,102.7777778,0,0,0,0,2.5,NA,NA,NA,NA,NA,4.59453634795513,NA,NA
"9","D","PA","PA109",0.00183333333333333,6,2,"PHAQ",0,0,3,0.277777778,0,102.7777778,0,0,0,0,2.5,NA,NA,NA,NA,NA,-0.324040892109879,NA,NA
"9","E","PA","PA111",0.000333333333333333,6,2,"PHAQ",0,2,2,95.55555556,0,60,0,0,0,0,0,0,6,0,NA,NA,-0.399197420396101,-0.487128974556688,NA
"9","E","PA","PA112",0,6,0,"PHAQ",0,2,2,95.55555556,0,60,0,0,0,0,0,5e-04,6,3,NA,NA,-0.415898871126373,-0.469731511179663,"G"
"10","B","PA","PA364",0.0435,6,3,"PHAQ",0,0,4,0,0,194.4444444,0,0,0,0,0,NA,NA,NA,NA,NA,1.76364044917408,NA,NA
"10","B","PA","PA396",0.0085,6,2,"PHAQ",0,0,4,0,0,194.4444444,0,0,0,0,0,NA,NA,NA,NA,NA,0.00998812249555462,NA,NA
"10","B","PA","PA402",0,6,0,"PHAQ",0,0,4,0,0,194.4444444,0,0,0,0,0,NA,NA,NA,NA,NA,-0.415898871126373,NA,NA
"10","A","PA","PA403",0.000166666666666667,6,1,"PHAQ",0,0,5,0,0,81.66666667,38.33333333,0,0,0,0,0.00183333333333333,6,2,NA,NA,-0.407548145761237,-0.423338275507598,NA
"10","E","PA","PA412",0.00183333333333333,6,2,"PHAQ",0,2,2,50,83.33333333,146.6666667,220,0,0,0,0,0.000166666666666667,6,1,NA,NA,-0.324040892109879,-0.481329820097679,NA
"10","A","PA","PA434",0.000333333333333333,6,2,"PHAQ",0,0,5,0,0,81.66666667,38.33333333,0,0,0,0,0.00166666666666667,6,1,NA,NA,-0.399197420396101,-0.429137429966606,"L"
"10","A","PA","PA435",0.000166666666666667,6,1,"PHAQ",0,0,5,0,0,81.66666667,38.33333333,0,0,0,0,0.000166666666666667,6,1,NA,NA,-0.407548145761237,-0.481329820097679,NA
"10","D","PA","PA621",0.000166666666666667,6,1,"PHAQ",0,0,5,0,13.33333333,140,60,0,0,0,10,NA,NA,NA,NA,NA,-0.407548145761237,NA,NA
"10","D","PA","PA623",0.000166666666666667,6,1,"PHAQ",0,0,5,0,13.33333333,140,60,0,0,0,10,NA,NA,NA,NA,NA,-0.407548145761237,NA,NA
"10","D","PA","PA624",0.00833333333333333,6,1,"PHAQ",0,0,5,0,13.33333333,140,60,0,0,0,10,NA,NA,NA,NA,NA,0.00163739713041875,NA,NA
"10","C","PA","PA628",5e-04,6,3,"PHAQ",0,0,3,0,1.666666667,18.33333333,45,0,0,0,0,NA,NA,NA,NA,NA,-0.390846695030965,NA,NA
"10","C","PA","PA629",0.042,6,3,"PHAQ",0,0,3,0,1.666666667,18.33333333,45,0,0,0,0,0.0101666666666667,6,3,NA,NA,1.68848392088786,-0.133380552557188,NA
"10","E","PA","PA638",0.00333333333333333,6,2,"PHAQ",0,2,2,50,83.33333333,146.6666667,220,0,0,0,0,0.0168333333333333,6,2,NA,NA,-0.248884363823656,0.0985856258031391,NA
"10","C","PA","PA640",0.000166666666666667,6,1,"PHAQ",0,0,3,0,1.666666667,18.33333333,45,0,0,0,0,0.00333333333333333,6,2,NA,NA,-0.407548145761237,-0.371145885376524,NA
"6","E","AB","AB127",5e-04,2,1,"ELGL",1,0,1,264.4444444,37.77777778,377.7777778,0,0,0,0,0,0.1875,4,2,4,-0.41718673465326,-0.56017579163565,0.934887419589724,NA
"2","C","SP","SP004",0.00333333333333333,6,2,"PHAQ",0,4,4,70,0,81.66666667,0,0,0,202.2222222,0,0.047,6,6,46,-0.633126056000137,-0.818127651940661,1.73888866580261,"B"
"2","C","SP","SP005",0.0035,6,3,"PHAQ",0,4,4,70,0,81.66666667,0,0,0,202.2222222,0,0.000333333333333333,6,2,119.35,-0.346209644637336,-0.810049667679026,-1.18762840870633,"I"
"2","C","SP","SP006",0.000333333333333333,6,2,"PHAQ",0,4,4,70,0,81.66666667,0,0,0,202.2222222,0,5e-04,6,3,106,-0.398429604987621,-0.963531368650089,-1.17717656201166,NA
"2","D","SP","SP012",0.00166666666666667,6,1,"PHAQ",0,4,3,30.55555556,0,183.3333333,0,0,0,0,0,NA,NA,NA,238.76,0.12087540895274,-0.89890749455701,NA,NA
"2","D","SP","SP013",0.0085,6,2,"PHAQ",0,4,3,30.55555556,0,183.3333333,0,0,0,0,0,NA,NA,NA,250.04,0.164998341743093,-0.56771013982998,NA,NA
"2","D","SP","SP014",0.0101666666666667,6,3,"PHAQ",0,4,3,30.55555556,0,183.3333333,0,0,0,0,0,NA,NA,NA,104,-0.406252820021371,-0.486930297213631,NA,NA
"2","E","SP","SP018",0.00666666666666667,6,4,"PHAQ",0,10,0,26.66666667,11.11111111,63.88888889,0,0,0,0,40,0.0188333333333333,6,6,104,-0.406252820021371,-0.656567966707963,-0.0274734255974308,"D"
"2","E","SP","SP019",0.01,6,6,"PHAQ",0,10,0,26.66666667,11.11111111,63.88888889,0,0,0,0,40,0.0151666666666667,6,6,105.28,-0.401245962399771,-0.495008281475266,-0.257414052880276,"D"
"2","E","SP","SP020",0.0433333333333333,6,6,"PHAQ",0,10,0,26.66666667,11.11111111,63.88888889,0,0,0,0,40,0.0203333333333333,6,6,126.9,-0.316677007884928,1.12058857085171,0.0665931946546421,"D"
"1","B","SP","SP024",0.0268333333333333,6,5,"STPU",0,14,0,0,0,53.33333333,0,0,0,0,0,NA,NA,NA,12,-0.766120711573896,0.320868128949858,NA,NA
"1","B","SP","SP025",0.0351666666666667,6,6,"STPU",0,14,0,0,0,53.33333333,0,0,0,0,0,NA,NA,NA,22,-0.727004636405143,0.724767342031602,NA,NA
"1","B","SP","SP026",0.045,6,6,"STPU",0,14,0,0,0,53.33333333,0,0,0,0,0,NA,NA,NA,35,-0.676153738685765,1.20136841346806,NA,NA
"1","C","SP","SP033",0.0151666666666667,6,6,"STPU",0,8,0,0,0,275,0,0,0,0,0,0.0121666666666667,6,6,89,-0.4649269327745,-0.244590769364584,-0.445547293384422,NA
"1","C","SP","SP034",0.092,6,5,"STPU",0,8,0,0,0,275,0,0,0,0,0,0.0055,6,6,295.5333333,0.342950406247085,3.4793599752491,-0.863621161171414,"D"
"1","C","SP","SP035",0.00516666666666667,6,4,"STPU",0,8,0,0,0,275,0,0,0,0,0,0.0103333333333333,6,4,23,-0.723093028888268,-0.729269825062677,-0.560517607025845,NA
"1","E","SP","SP042",0.00216666666666667,6,4,"STPU",0,1,0,75.77777778,0,116.1111111,0,0,0,0,113.6666667,0.004,6,6,764.9766667,2.17922847792151,-0.874673541772105,-0.957687781423487,"AL"
"1","E","SP","SP043",0.00183333333333333,6,2,"STPU",0,1,0,75.77777778,0,116.1111111,0,0,0,0,113.6666667,0.00233333333333333,6,5,4,-0.797413571708898,-0.890829510295375,-1.06220624837023,"AL"
"4","A","SP","SP071",0.0218333333333333,6,6,"STPU",0,7,0,0,4.444444444,248.8888889,0,0,0,0,115.5555556,0.0203333333333333,6,6,922.2333333,2.79435483707282,0.0785286011008111,0.0665931946546421,"B"
"4","A","SP","SP072",0.00366666666666667,6,4,"STPU",0,7,0,0,4.444444444,248.8888889,0,0,0,0,115.5555556,0.0255,6,6,236.0333333,0.110209758993007,-0.801971683417391,0.39060044218956,"B"
"4","A","SP","SP073",0.0188333333333333,6,5,"STPU",0,7,0,0,4.444444444,248.8888889,0,0,0,0,115.5555556,0.022,6,6,166.6833333,-0.161060222302293,-0.0668751156086167,0.17111166160139,NA
"4","B","SP","SP074",0.0203333333333333,6,6,"STPU",0,6,0,21.33333333,0,66.66666667,0,0,0,506.6666667,32,NA,NA,NA,289.5666667,0.319611148323837,0.0058267427460972,NA,NA
"4","B","SP","SP075",0.0121666666666667,6,6,"STPU",0,6,0,21.33333333,0,66.66666667,0,0,0,506.6666667,32,NA,NA,NA,184.9333333,-0.0896733851193196,-0.389994486074012,NA,NA
"4","B","SP","SP076",0.025,6,2,"STPU",0,6,0,21.33333333,0,66.66666667,0,0,0,506.6666667,32,NA,NA,NA,191.0166667,-0.0658777724642212,0.232010302071874,NA,NA
"4","C","SP","SP077",0.0301666666666667,6,6,"STPU",0,7,0,7.222222222,11.11111111,297.2222222,0,0,0,0,28.88888889,0.0106666666666667,6,6,358.9166667,0.590881129619137,0.482427814182555,-0.539613913636495,"B"
"4","C","SP","SP078",0.0353333333333333,6,6,"STPU",0,7,0,7.222222222,11.11111111,297.2222222,0,0,0,0,28.88888889,0.0121666666666667,6,6,206.8333333,-0.00400918049975116,0.732845326293237,-0.445547293384422,"D"
"4","C","SP","SP079",0.0218333333333333,6,6,"STPU",0,7,0,7.222222222,11.11111111,297.2222222,0,0,0,0,28.88888889,0.022,6,6,410.0166667,0.790764273731463,0.0785286011008111,0.17111166160139,NA
"4","D","SP","SP080",0.00533333333333333,6,5,"STPU",0,2,0,0,38.88888889,840,0,0,0,0,54.44444444,NA,NA,NA,1036.6,3.24171235021651,-0.721191840801042,NA,NA
"4","D","SP","SP081",0.000666666666666667,6,4,"STPU",0,2,0,0,38.88888889,840,0,0,0,0,54.44444444,NA,NA,NA,181.2833333,-0.103950752555914,-0.947375400126819,NA,NA
"4","E","SP","SP082",0.00233333333333333,6,5,"STPU",0,1,0,0,471.1111111,382.2222222,0,0,0,0,62.22222222,0.0301666666666667,6,6,762.85,2.1709097924719,-0.86659555751047,0.683252149640454,NA
"8","D","SP","SP086",0.012,6,5,"ELGL",5,4,0,8,6.666666667,3.333333333,80,46.66666667,0,0,48.66666667,NA,NA,NA,214.09,0.0243760515114273,-0.398072470335647,NA,NA
"8","C","SP","SP089",0.00383333333333333,6,5,"ELGL",6,4,0,0,253.3333333,53.33333333,0,0,0,0,0,0.027,6,6,127.37,-0.314838552351996,-0.793893699155756,0.484667062441634,NA
"8","C","SP","SP090",0.0136666666666667,6,6,"ELGL",6,4,0,0,253.3333333,53.33333333,0,0,0,0,0,0.0536666666666667,6,6,120.1433333,-0.343106436137668,-0.317292627719298,2.1569625335896,"E"
"8","A","SP","SP093",0.0085,6,2,"ELGL",7,4,0,0,0,28.88888889,0,0,0,0,0,0.00233333333333333,6,5,100,-0.421899250088872,-0.56771013982998,-1.06220624837023,NA
"8","A","SP","SP095",0.002,6,3,"ELGL",7,4,0,0,0,28.88888889,0,0,0,0,0,0.0136666666666667,6,6,131,-0.300639417065739,-0.88275152603374,-0.351480673132349,NA
"3","B","SP","SP196",0.0416666666666667,6,4,"STPU",0,4,0,104,0,26.66666667,0,0,0,857.7777778,69.33333333,NA,NA,NA,60,-0.578363550763883,1.03980872823536,NA,NA
"3","B","SP","SP197",0.0506666666666667,6,6,"STPU",0,4,0,104,0,26.66666667,0,0,0,857.7777778,69.33333333,NA,NA,NA,71,-0.535335868078255,1.47601987836365,NA,NA
"3","B","SP","SP198",0.0338333333333333,6,5,"STPU",0,4,0,104,0,26.66666667,0,0,0,857.7777778,69.33333333,NA,NA,NA,102.05,-0.413880454679278,0.660143467938523,NA,NA
"3","C","SP","SP201",0.0283333333333333,6,5,"STPU",0,6,0,63.55555556,0,42.77777778,0,0,0,421.6666667,95.33333333,0.0618333333333333,6,6,10,-0.773943926607647,0.393569987304572,2.66910302162866,"W"
"3","C","SP","SP202",0.0203333333333333,6,6,"STPU",0,6,0,63.55555556,0,42.77777778,0,0,0,421.6666667,95.33333333,0.0203333333333333,6,6,171.6,-0.141828151880603,0.0058267427460972,0.0665931946546421,"B"
"3","C","SP","SP208",0.0201666666666667,6,4,"STPU",0,6,0,63.55555556,0,42.77777778,0,0,0,421.6666667,95.33333333,0.0166666666666667,6,6,172.25,-0.139285606994634,-0.00225124151553763,-0.163347432628203,"D"
"3","E","SP","SP213",0.044,6,6,"STPU",0,1,0,110.6666667,44.44444444,148.8888889,0,0,0,271.1111111,73.77777778,0.0455,6,6,218.4,0.0412350799091598,1.15290050789825,1.64482204555053,"I"
"6","B","SP","SP222",0.0453333333333333,6,5,"ELGL",6,2,0,83.33333333,5.555555556,388.8888889,0,0,0,0,0,NA,NA,NA,60,-0.578363550763883,1.21752438199133,NA,NA
"6","A","SP","SP236",0.00366666666666667,6,4,"ELGL",7,1,0,130,57.77777778,274.4444444,0,0,115.5555556,0,0,0.0055,6,6,318.1866667,0.431561355456807,-0.801971683417391,-0.863621161171414,"AN"
"6","D","SP","SP244",0.00233333333333333,6,5,"ELGL",3,4,0,122.2222222,18.33333333,409.4444444,0,0,0,0,0,NA,NA,NA,222.94,0.0589937780357735,-0.86659555751047,NA,NA
"6","D","SP","SP248",0.0035,6,3,"ELGL",3,4,0,122.2222222,18.33333333,409.4444444,0,0,0,0,0,NA,NA,NA,280.5066667,0.284171984220947,-0.810049667679026,NA,NA
"6","C","SP","SP250",0.0518333333333333,6,4,"ELGL",7,2,0,77.77777778,31.11111111,443.3333333,0,0,0,0,0,0.0235,6,6,157,-0.198937621626982,1.53256576819509,0.265178281853463,NA
"6","B","SP","SP252",0.0455,6,6,"ELGL",6,2,0,83.33333333,5.555555556,388.8888889,0,0,0,0,0,NA,NA,NA,0,-0.813060001776399,1.22560236625296,NA,NA
"5","C","SP","SP256",0.007,6,6,"ELGL",5,0,0,30.22222222,18.88888889,122.7777778,0,0,0,0,120.8888889,0.0055,6,6,145.8,-0.242747625815985,-0.640411998184694,-0.863621161171414,"AL"
"6","B","SP","SP257",0.000666666666666667,6,4,"ELGL",6,2,0,83.33333333,5.555555556,388.8888889,0,0,0,0,0,NA,NA,NA,248.06,0.15725335885968,-0.947375400126819,NA,NA
